PassengerId,Survived,Sex,Age,SibSp,Parch,Fare,Cabin,Embarked_C,Embarked_S,Embarked_Q,Pclass_1,Pclass_2,Pclass_3,with_p
1,0,0,22,1,0,7.25,,FALSE,TRUE,FALSE,FALSE,FALSE,TRUE,1
2,1,1,38,1,0,71.2833,C,TRUE,FALSE,FALSE,TRUE,FALSE,FALSE,1
3,1,1,26,0,0,7.925,,FALSE,TRUE,FALSE,FALSE,FALSE,TRUE,0
4,1,1,35,1,0,53.1,C,FALSE,TRUE,FALSE,TRUE,FALSE,FALSE,1
5,0,0,35,0,0,8.05,,FALSE,TRUE,FALSE,FALSE,FALSE,TRUE,0
6,0,0,25.14061972,0,0,8.4583,,FALSE,FALSE,TRUE,FALSE,FALSE,TRUE,0
7,0,0,54,0,0,51.8625,E,FALSE,TRUE,FALSE,TRUE,FALSE,FALSE,0
8,0,0,2,3,1,21.075,,FALSE,TRUE,FALSE,FALSE,FALSE,TRUE,4
9,1,1,27,0,2,11.1333,,FALSE,TRUE,FALSE,FALSE,FALSE,TRUE,2
10,1,1,14,1,0,30.0708,,TRUE,FALSE,FALSE,FALSE,TRUE,FALSE,1
11,1,1,4,1,1,16.7,G,FALSE,TRUE,FALSE,FALSE,FALSE,TRUE,2
12,1,1,58,0,0,26.55,C,FALSE,TRUE,FALSE,TRUE,FALSE,FALSE,0
13,0,0,20,0,0,8.05,,FALSE,TRUE,FALSE,FALSE,FALSE,TRUE,0
14,0,0,39,1,5,31.275,,FALSE,TRUE,FALSE,FALSE,FALSE,TRUE,6
15,0,1,14,0,0,7.8542,,FALSE,TRUE,FALSE,FALSE,FALSE,TRUE,0
16,1,1,55,0,0,16,,FALSE,TRUE,FALSE,FALSE,TRUE,FALSE,0
17,0,0,2,4,1,29.125,,FALSE,FALSE,TRUE,FALSE,FALSE,TRUE,5
18,1,0,29.87763006,0,0,13,,FALSE,TRUE,FALSE,FALSE,TRUE,FALSE,0
19,0,1,31,1,0,18,,FALSE,TRUE,FALSE,FALSE,FALSE,TRUE,1
20,1,1,25.14061972,0,0,7.225,,TRUE,FALSE,FALSE,FALSE,FALSE,TRUE,0
21,0,0,35,0,0,26,,FALSE,TRUE,FALSE,FALSE,TRUE,FALSE,0
22,1,0,34,0,0,13,D,FALSE,TRUE,FALSE,FALSE,TRUE,FALSE,0
23,1,1,15,0,0,8.0292,,FALSE,FALSE,TRUE,FALSE,FALSE,TRUE,0
24,1,0,28,0,0,35.5,A,FALSE,TRUE,FALSE,TRUE,FALSE,FALSE,0
25,0,1,8,3,1,21.075,,FALSE,TRUE,FALSE,FALSE,FALSE,TRUE,4
26,1,1,38,1,5,31.3875,,FALSE,TRUE,FALSE,FALSE,FALSE,TRUE,6
27,0,0,25.14061972,0,0,7.225,,TRUE,FALSE,FALSE,FALSE,FALSE,TRUE,0
28,0,0,19,3,2,263,C,FALSE,TRUE,FALSE,TRUE,FALSE,FALSE,5
29,1,1,25.14061972,0,0,7.8792,,FALSE,FALSE,TRUE,FALSE,FALSE,TRUE,0
30,0,0,25.14061972,0,0,7.8958,,FALSE,TRUE,FALSE,FALSE,FALSE,TRUE,0
31,0,0,40,0,0,27.7208,,TRUE,FALSE,FALSE,TRUE,FALSE,FALSE,0
32,1,1,38.23344086,1,0,146.5208,B,TRUE,FALSE,FALSE,TRUE,FALSE,FALSE,1
33,1,1,25.14061972,0,0,7.75,,FALSE,FALSE,TRUE,FALSE,FALSE,TRUE,0
34,0,0,66,0,0,10.5,,FALSE,TRUE,FALSE,FALSE,TRUE,FALSE,0
35,0,0,28,1,0,82.1708,,TRUE,FALSE,FALSE,TRUE,FALSE,FALSE,1
36,0,0,42,1,0,52,,FALSE,TRUE,FALSE,TRUE,FALSE,FALSE,1
37,1,0,25.14061972,0,0,7.2292,,TRUE,FALSE,FALSE,FALSE,FALSE,TRUE,0
38,0,0,21,0,0,8.05,,FALSE,TRUE,FALSE,FALSE,FALSE,TRUE,0
39,0,1,18,2,0,18,,FALSE,TRUE,FALSE,FALSE,FALSE,TRUE,2
40,1,1,14,1,0,11.2417,,TRUE,FALSE,FALSE,FALSE,FALSE,TRUE,1
41,0,1,40,1,0,9.475,,FALSE,TRUE,FALSE,FALSE,FALSE,TRUE,1
42,0,1,27,1,0,21,,FALSE,TRUE,FALSE,FALSE,TRUE,FALSE,1
43,0,0,25.14061972,0,0,7.8958,,TRUE,FALSE,FALSE,FALSE,FALSE,TRUE,0
44,1,1,3,1,2,41.5792,,TRUE,FALSE,FALSE,FALSE,TRUE,FALSE,3
45,1,1,19,0,0,7.8792,,FALSE,FALSE,TRUE,FALSE,FALSE,TRUE,0
46,0,0,25.14061972,0,0,8.05,,FALSE,TRUE,FALSE,FALSE,FALSE,TRUE,0
47,0,0,25.14061972,1,0,15.5,,FALSE,FALSE,TRUE,FALSE,FALSE,TRUE,1
48,1,1,25.14061972,0,0,7.75,,FALSE,FALSE,TRUE,FALSE,FALSE,TRUE,0
49,0,0,25.14061972,2,0,21.6792,,TRUE,FALSE,FALSE,FALSE,FALSE,TRUE,2
50,0,1,18,1,0,17.8,,FALSE,TRUE,FALSE,FALSE,FALSE,TRUE,1
51,0,0,7,4,1,39.6875,,FALSE,TRUE,FALSE,FALSE,FALSE,TRUE,5
52,0,0,21,0,0,7.8,,FALSE,TRUE,FALSE,FALSE,FALSE,TRUE,0
53,1,1,49,1,0,76.7292,D,TRUE,FALSE,FALSE,TRUE,FALSE,FALSE,1
54,1,1,29,1,0,26,,FALSE,TRUE,FALSE,FALSE,TRUE,FALSE,1
55,0,0,65,0,1,61.9792,B,TRUE,FALSE,FALSE,TRUE,FALSE,FALSE,1
56,1,0,38.23344086,0,0,35.5,C,FALSE,TRUE,FALSE,TRUE,FALSE,FALSE,0
57,1,1,21,0,0,10.5,,FALSE,TRUE,FALSE,FALSE,TRUE,FALSE,0
58,0,0,28.5,0,0,7.2292,,TRUE,FALSE,FALSE,FALSE,FALSE,TRUE,0
59,1,1,5,1,2,27.75,,FALSE,TRUE,FALSE,FALSE,TRUE,FALSE,3
60,0,0,11,5,2,46.9,,FALSE,TRUE,FALSE,FALSE,FALSE,TRUE,7
61,0,0,22,0,0,7.2292,,TRUE,FALSE,FALSE,FALSE,FALSE,TRUE,0
62,1,1,38,0,0,80,B,FALSE,FALSE,FALSE,TRUE,FALSE,FALSE,0
63,0,0,45,1,0,83.475,C,FALSE,TRUE,FALSE,TRUE,FALSE,FALSE,1
64,0,0,4,3,2,27.9,,FALSE,TRUE,FALSE,FALSE,FALSE,TRUE,5
65,0,0,38.23344086,0,0,27.7208,,TRUE,FALSE,FALSE,TRUE,FALSE,FALSE,0
66,1,0,25.14061972,1,1,15.2458,,TRUE,FALSE,FALSE,FALSE,FALSE,TRUE,2
67,1,1,29,0,0,10.5,F,FALSE,TRUE,FALSE,FALSE,TRUE,FALSE,0
68,0,0,19,0,0,8.1583,,FALSE,TRUE,FALSE,FALSE,FALSE,TRUE,0
69,1,1,17,4,2,7.925,,FALSE,TRUE,FALSE,FALSE,FALSE,TRUE,6
70,0,0,26,2,0,8.6625,,FALSE,TRUE,FALSE,FALSE,FALSE,TRUE,2
71,0,0,32,0,0,10.5,,FALSE,TRUE,FALSE,FALSE,TRUE,FALSE,0
72,0,1,16,5,2,46.9,,FALSE,TRUE,FALSE,FALSE,FALSE,TRUE,7
73,0,0,21,0,0,73.5,,FALSE,TRUE,FALSE,FALSE,TRUE,FALSE,0
74,0,0,26,1,0,14.4542,,TRUE,FALSE,FALSE,FALSE,FALSE,TRUE,1
75,1,0,32,0,0,56.4958,,FALSE,TRUE,FALSE,FALSE,FALSE,TRUE,0
76,0,0,25,0,0,7.65,F,FALSE,TRUE,FALSE,FALSE,FALSE,TRUE,0
77,0,0,25.14061972,0,0,7.8958,,FALSE,TRUE,FALSE,FALSE,FALSE,TRUE,0
78,0,0,25.14061972,0,0,8.05,,FALSE,TRUE,FALSE,FALSE,FALSE,TRUE,0
79,1,0,0.83,0,2,29,,FALSE,TRUE,FALSE,FALSE,TRUE,FALSE,2
80,1,1,30,0,0,12.475,,FALSE,TRUE,FALSE,FALSE,FALSE,TRUE,0
81,0,0,22,0,0,9,,FALSE,TRUE,FALSE,FALSE,FALSE,TRUE,0
82,1,0,29,0,0,9.5,,FALSE,TRUE,FALSE,FALSE,FALSE,TRUE,0
83,1,1,25.14061972,0,0,7.7875,,FALSE,FALSE,TRUE,FALSE,FALSE,TRUE,0
84,0,0,28,0,0,47.1,,FALSE,TRUE,FALSE,TRUE,FALSE,FALSE,0
85,1,1,17,0,0,10.5,,FALSE,TRUE,FALSE,FALSE,TRUE,FALSE,0
86,1,1,33,3,0,15.85,,FALSE,TRUE,FALSE,FALSE,FALSE,TRUE,3
87,0,0,16,1,3,34.375,,FALSE,TRUE,FALSE,FALSE,FALSE,TRUE,4
88,0,0,25.14061972,0,0,8.05,,FALSE,TRUE,FALSE,FALSE,FALSE,TRUE,0
89,1,1,23,3,2,263,C,FALSE,TRUE,FALSE,TRUE,FALSE,FALSE,5
90,0,0,24,0,0,8.05,,FALSE,TRUE,FALSE,FALSE,FALSE,TRUE,0
91,0,0,29,0,0,8.05,,FALSE,TRUE,FALSE,FALSE,FALSE,TRUE,0
92,0,0,20,0,0,7.8542,,FALSE,TRUE,FALSE,FALSE,FALSE,TRUE,0
93,0,0,46,1,0,61.175,E,FALSE,TRUE,FALSE,TRUE,FALSE,FALSE,1
94,0,0,26,1,2,20.575,,FALSE,TRUE,FALSE,FALSE,FALSE,TRUE,3
95,0,0,59,0,0,7.25,,FALSE,TRUE,FALSE,FALSE,FALSE,TRUE,0
96,0,0,25.14061972,0,0,8.05,,FALSE,TRUE,FALSE,FALSE,FALSE,TRUE,0
97,0,0,71,0,0,34.6542,A,TRUE,FALSE,FALSE,TRUE,FALSE,FALSE,0
98,1,0,23,0,1,63.3583,D,TRUE,FALSE,FALSE,TRUE,FALSE,FALSE,1
99,1,1,34,0,1,23,,FALSE,TRUE,FALSE,FALSE,TRUE,FALSE,1
100,0,0,34,1,0,26,,FALSE,TRUE,FALSE,FALSE,TRUE,FALSE,1
101,0,1,28,0,0,7.8958,,FALSE,TRUE,FALSE,FALSE,FALSE,TRUE,0
102,0,0,25.14061972,0,0,7.8958,,FALSE,TRUE,FALSE,FALSE,FALSE,TRUE,0
103,0,0,21,0,1,77.2875,D,FALSE,TRUE,FALSE,TRUE,FALSE,FALSE,1
104,0,0,33,0,0,8.6542,,FALSE,TRUE,FALSE,FALSE,FALSE,TRUE,0
105,0,0,37,2,0,7.925,,FALSE,TRUE,FALSE,FALSE,FALSE,TRUE,2
106,0,0,28,0,0,7.8958,,FALSE,TRUE,FALSE,FALSE,FALSE,TRUE,0
107,1,1,21,0,0,7.65,,FALSE,TRUE,FALSE,FALSE,FALSE,TRUE,0
108,1,0,25.14061972,0,0,7.775,,FALSE,TRUE,FALSE,FALSE,FALSE,TRUE,0
109,0,0,38,0,0,7.8958,,FALSE,TRUE,FALSE,FALSE,FALSE,TRUE,0
110,1,1,25.14061972,1,0,24.15,,FALSE,FALSE,TRUE,FALSE,FALSE,TRUE,1
111,0,0,47,0,0,52,C,FALSE,TRUE,FALSE,TRUE,FALSE,FALSE,0
112,0,1,14.5,1,0,14.4542,,TRUE,FALSE,FALSE,FALSE,FALSE,TRUE,1
113,0,0,22,0,0,8.05,,FALSE,TRUE,FALSE,FALSE,FALSE,TRUE,0
114,0,1,20,1,0,9.825,,FALSE,TRUE,FALSE,FALSE,FALSE,TRUE,1
115,0,1,17,0,0,14.4583,,TRUE,FALSE,FALSE,FALSE,FALSE,TRUE,0
116,0,0,21,0,0,7.925,,FALSE,TRUE,FALSE,FALSE,FALSE,TRUE,0
117,0,0,70.5,0,0,7.75,,FALSE,FALSE,TRUE,FALSE,FALSE,TRUE,0
118,0,0,29,1,0,21,,FALSE,TRUE,FALSE,FALSE,TRUE,FALSE,1
119,0,0,24,0,1,247.5208,B,TRUE,FALSE,FALSE,TRUE,FALSE,FALSE,1
120,0,1,2,4,2,31.275,,FALSE,TRUE,FALSE,FALSE,FALSE,TRUE,6
121,0,0,21,2,0,73.5,,FALSE,TRUE,FALSE,FALSE,TRUE,FALSE,2
122,0,0,25.14061972,0,0,8.05,,FALSE,TRUE,FALSE,FALSE,FALSE,TRUE,0
123,0,0,32.5,1,0,30.0708,,TRUE,FALSE,FALSE,FALSE,TRUE,FALSE,1
124,1,1,32.5,0,0,13,E,FALSE,TRUE,FALSE,FALSE,TRUE,FALSE,0
125,0,0,54,0,1,77.2875,D,FALSE,TRUE,FALSE,TRUE,FALSE,FALSE,1
126,1,0,12,1,0,11.2417,,TRUE,FALSE,FALSE,FALSE,FALSE,TRUE,1
127,0,0,25.14061972,0,0,7.75,,FALSE,FALSE,TRUE,FALSE,FALSE,TRUE,0
128,1,0,24,0,0,7.1417,,FALSE,TRUE,FALSE,FALSE,FALSE,TRUE,0
129,1,1,25.14061972,1,1,22.3583,F,TRUE,FALSE,FALSE,FALSE,FALSE,TRUE,2
130,0,0,45,0,0,6.975,,FALSE,TRUE,FALSE,FALSE,FALSE,TRUE,0
131,0,0,33,0,0,7.8958,,TRUE,FALSE,FALSE,FALSE,FALSE,TRUE,0
132,0,0,20,0,0,7.05,,FALSE,TRUE,FALSE,FALSE,FALSE,TRUE,0
133,0,1,47,1,0,14.5,,FALSE,TRUE,FALSE,FALSE,FALSE,TRUE,1
134,1,1,29,1,0,26,,FALSE,TRUE,FALSE,FALSE,TRUE,FALSE,1
135,0,0,25,0,0,13,,FALSE,TRUE,FALSE,FALSE,TRUE,FALSE,0
136,0,0,23,0,0,15.0458,,TRUE,FALSE,FALSE,FALSE,TRUE,FALSE,0
137,1,1,19,0,2,26.2833,D,FALSE,TRUE,FALSE,TRUE,FALSE,FALSE,2
138,0,0,37,1,0,53.1,C,FALSE,TRUE,FALSE,TRUE,FALSE,FALSE,1
139,0,0,16,0,0,9.2167,,FALSE,TRUE,FALSE,FALSE,FALSE,TRUE,0
140,0,0,24,0,0,79.2,B,TRUE,FALSE,FALSE,TRUE,FALSE,FALSE,0
141,0,1,25.14061972,0,2,15.2458,,TRUE,FALSE,FALSE,FALSE,FALSE,TRUE,2
142,1,1,22,0,0,7.75,,FALSE,TRUE,FALSE,FALSE,FALSE,TRUE,0
143,1,1,24,1,0,15.85,,FALSE,TRUE,FALSE,FALSE,FALSE,TRUE,1
144,0,0,19,0,0,6.75,,FALSE,FALSE,TRUE,FALSE,FALSE,TRUE,0
145,0,0,18,0,0,11.5,,FALSE,TRUE,FALSE,FALSE,TRUE,FALSE,0
146,0,0,19,1,1,36.75,,FALSE,TRUE,FALSE,FALSE,TRUE,FALSE,2
147,1,0,27,0,0,7.7958,,FALSE,TRUE,FALSE,FALSE,FALSE,TRUE,0
148,0,1,9,2,2,34.375,,FALSE,TRUE,FALSE,FALSE,FALSE,TRUE,4
149,0,0,36.5,0,2,26,F,FALSE,TRUE,FALSE,FALSE,TRUE,FALSE,2
150,0,0,42,0,0,13,,FALSE,TRUE,FALSE,FALSE,TRUE,FALSE,0
151,0,0,51,0,0,12.525,,FALSE,TRUE,FALSE,FALSE,TRUE,FALSE,0
152,1,1,22,1,0,66.6,C,FALSE,TRUE,FALSE,TRUE,FALSE,FALSE,1
153,0,0,55.5,0,0,8.05,,FALSE,TRUE,FALSE,FALSE,FALSE,TRUE,0
154,0,0,40.5,0,2,14.5,,FALSE,TRUE,FALSE,FALSE,FALSE,TRUE,2
155,0,0,25.14061972,0,0,7.3125,,FALSE,TRUE,FALSE,FALSE,FALSE,TRUE,0
156,0,0,51,0,1,61.3792,,TRUE,FALSE,FALSE,TRUE,FALSE,FALSE,1
157,1,1,16,0,0,7.7333,,FALSE,FALSE,TRUE,FALSE,FALSE,TRUE,0
158,0,0,30,0,0,8.05,,FALSE,TRUE,FALSE,FALSE,FALSE,TRUE,0
159,0,0,25.14061972,0,0,8.6625,,FALSE,TRUE,FALSE,FALSE,FALSE,TRUE,0
160,0,0,25.14061972,8,2,69.55,,FALSE,TRUE,FALSE,FALSE,FALSE,TRUE,10
161,0,0,44,0,1,16.1,,FALSE,TRUE,FALSE,FALSE,FALSE,TRUE,1
162,1,1,40,0,0,15.75,,FALSE,TRUE,FALSE,FALSE,TRUE,FALSE,0
163,0,0,26,0,0,7.775,,FALSE,TRUE,FALSE,FALSE,FALSE,TRUE,0
164,0,0,17,0,0,8.6625,,FALSE,TRUE,FALSE,FALSE,FALSE,TRUE,0
165,0,0,1,4,1,39.6875,,FALSE,TRUE,FALSE,FALSE,FALSE,TRUE,5
166,1,0,9,0,2,20.525,,FALSE,TRUE,FALSE,FALSE,FALSE,TRUE,2
167,1,1,38.23344086,0,1,55,E,FALSE,TRUE,FALSE,TRUE,FALSE,FALSE,1
168,0,1,45,1,4,27.9,,FALSE,TRUE,FALSE,FALSE,FALSE,TRUE,5
169,0,0,38.23344086,0,0,25.925,,FALSE,TRUE,FALSE,TRUE,FALSE,FALSE,0
170,0,0,28,0,0,56.4958,,FALSE,TRUE,FALSE,FALSE,FALSE,TRUE,0
171,0,0,61,0,0,33.5,B,FALSE,TRUE,FALSE,TRUE,FALSE,FALSE,0
172,0,0,4,4,1,29.125,,FALSE,FALSE,TRUE,FALSE,FALSE,TRUE,5
173,1,1,1,1,1,11.1333,,FALSE,TRUE,FALSE,FALSE,FALSE,TRUE,2
174,0,0,21,0,0,7.925,,FALSE,TRUE,FALSE,FALSE,FALSE,TRUE,0
175,0,0,56,0,0,30.6958,A,TRUE,FALSE,FALSE,TRUE,FALSE,FALSE,0
176,0,0,18,1,1,7.8542,,FALSE,TRUE,FALSE,FALSE,FALSE,TRUE,2
177,0,0,25.14061972,3,1,25.4667,,FALSE,TRUE,FALSE,FALSE,FALSE,TRUE,4
178,0,1,50,0,0,28.7125,C,TRUE,FALSE,FALSE,TRUE,FALSE,FALSE,0
179,0,0,30,0,0,13,,FALSE,TRUE,FALSE,FALSE,TRUE,FALSE,0
180,0,0,36,0,0,0,,FALSE,TRUE,FALSE,FALSE,FALSE,TRUE,0
181,0,1,25.14061972,8,2,69.55,,FALSE,TRUE,FALSE,FALSE,FALSE,TRUE,10
182,0,0,29.87763006,0,0,15.05,,TRUE,FALSE,FALSE,FALSE,TRUE,FALSE,0
183,0,0,9,4,2,31.3875,,FALSE,TRUE,FALSE,FALSE,FALSE,TRUE,6
184,1,0,1,2,1,39,F,FALSE,TRUE,FALSE,FALSE,TRUE,FALSE,3
185,1,1,4,0,2,22.025,,FALSE,TRUE,FALSE,FALSE,FALSE,TRUE,2
186,0,0,38.23344086,0,0,50,A,FALSE,TRUE,FALSE,TRUE,FALSE,FALSE,0
187,1,1,25.14061972,1,0,15.5,,FALSE,FALSE,TRUE,FALSE,FALSE,TRUE,1
188,1,0,45,0,0,26.55,,FALSE,TRUE,FALSE,TRUE,FALSE,FALSE,0
189,0,0,40,1,1,15.5,,FALSE,FALSE,TRUE,FALSE,FALSE,TRUE,2
190,0,0,36,0,0,7.8958,,FALSE,TRUE,FALSE,FALSE,FALSE,TRUE,0
191,1,1,32,0,0,13,,FALSE,TRUE,FALSE,FALSE,TRUE,FALSE,0
192,0,0,19,0,0,13,,FALSE,TRUE,FALSE,FALSE,TRUE,FALSE,0
193,1,1,19,1,0,7.8542,,FALSE,TRUE,FALSE,FALSE,FALSE,TRUE,1
194,1,0,3,1,1,26,F,FALSE,TRUE,FALSE,FALSE,TRUE,FALSE,2
195,1,1,44,0,0,27.7208,B,TRUE,FALSE,FALSE,TRUE,FALSE,FALSE,0
196,1,1,58,0,0,146.5208,B,TRUE,FALSE,FALSE,TRUE,FALSE,FALSE,0
197,0,0,25.14061972,0,0,7.75,,FALSE,FALSE,TRUE,FALSE,FALSE,TRUE,0
198,0,0,42,0,1,8.4042,,FALSE,TRUE,FALSE,FALSE,FALSE,TRUE,1
199,1,1,25.14061972,0,0,7.75,,FALSE,FALSE,TRUE,FALSE,FALSE,TRUE,0
200,0,1,24,0,0,13,,FALSE,TRUE,FALSE,FALSE,TRUE,FALSE,0
201,0,0,28,0,0,9.5,,FALSE,TRUE,FALSE,FALSE,FALSE,TRUE,0
202,0,0,25.14061972,8,2,69.55,,FALSE,TRUE,FALSE,FALSE,FALSE,TRUE,10
203,0,0,34,0,0,6.4958,,FALSE,TRUE,FALSE,FALSE,FALSE,TRUE,0
204,0,0,45.5,0,0,7.225,,TRUE,FALSE,FALSE,FALSE,FALSE,TRUE,0
205,1,0,18,0,0,8.05,,FALSE,TRUE,FALSE,FALSE,FALSE,TRUE,0
206,0,1,2,0,1,10.4625,G,FALSE,TRUE,FALSE,FALSE,FALSE,TRUE,1
207,0,0,32,1,0,15.85,,FALSE,TRUE,FALSE,FALSE,FALSE,TRUE,1
208,1,0,26,0,0,18.7875,,TRUE,FALSE,FALSE,FALSE,FALSE,TRUE,0
209,1,1,16,0,0,7.75,,FALSE,FALSE,TRUE,FALSE,FALSE,TRUE,0
210,1,0,40,0,0,31,A,TRUE,FALSE,FALSE,TRUE,FALSE,FALSE,0
211,0,0,24,0,0,7.05,,FALSE,TRUE,FALSE,FALSE,FALSE,TRUE,0
212,1,1,35,0,0,21,,FALSE,TRUE,FALSE,FALSE,TRUE,FALSE,0
213,0,0,22,0,0,7.25,,FALSE,TRUE,FALSE,FALSE,FALSE,TRUE,0
214,0,0,30,0,0,13,,FALSE,TRUE,FALSE,FALSE,TRUE,FALSE,0
215,0,0,25.14061972,1,0,7.75,,FALSE,FALSE,TRUE,FALSE,FALSE,TRUE,1
216,1,1,31,1,0,113.275,D,TRUE,FALSE,FALSE,TRUE,FALSE,FALSE,1
217,1,1,27,0,0,7.925,,FALSE,TRUE,FALSE,FALSE,FALSE,TRUE,0
218,0,0,42,1,0,27,,FALSE,TRUE,FALSE,FALSE,TRUE,FALSE,1
219,1,1,32,0,0,76.2917,D,TRUE,FALSE,FALSE,TRUE,FALSE,FALSE,0
220,0,0,30,0,0,10.5,,FALSE,TRUE,FALSE,FALSE,TRUE,FALSE,0
221,1,0,16,0,0,8.05,,FALSE,TRUE,FALSE,FALSE,FALSE,TRUE,0
222,0,0,27,0,0,13,,FALSE,TRUE,FALSE,FALSE,TRUE,FALSE,0
223,0,0,51,0,0,8.05,,FALSE,TRUE,FALSE,FALSE,FALSE,TRUE,0
224,0,0,25.14061972,0,0,7.8958,,FALSE,TRUE,FALSE,FALSE,FALSE,TRUE,0
225,1,0,38,1,0,90,C,FALSE,TRUE,FALSE,TRUE,FALSE,FALSE,1
226,0,0,22,0,0,9.35,,FALSE,TRUE,FALSE,FALSE,FALSE,TRUE,0
227,1,0,19,0,0,10.5,,FALSE,TRUE,FALSE,FALSE,TRUE,FALSE,0
228,0,0,20.5,0,0,7.25,,FALSE,TRUE,FALSE,FALSE,FALSE,TRUE,0
229,0,0,18,0,0,13,,FALSE,TRUE,FALSE,FALSE,TRUE,FALSE,0
230,0,1,25.14061972,3,1,25.4667,,FALSE,TRUE,FALSE,FALSE,FALSE,TRUE,4
231,1,1,35,1,0,83.475,C,FALSE,TRUE,FALSE,TRUE,FALSE,FALSE,1
232,0,0,29,0,0,7.775,,FALSE,TRUE,FALSE,FALSE,FALSE,TRUE,0
233,0,0,59,0,0,13.5,,FALSE,TRUE,FALSE,FALSE,TRUE,FALSE,0
234,1,1,5,4,2,31.3875,,FALSE,TRUE,FALSE,FALSE,FALSE,TRUE,6
235,0,0,24,0,0,10.5,,FALSE,TRUE,FALSE,FALSE,TRUE,FALSE,0
236,0,1,25.14061972,0,0,7.55,,FALSE,TRUE,FALSE,FALSE,FALSE,TRUE,0
237,0,0,44,1,0,26,,FALSE,TRUE,FALSE,FALSE,TRUE,FALSE,1
238,1,1,8,0,2,26.25,,FALSE,TRUE,FALSE,FALSE,TRUE,FALSE,2
239,0,0,19,0,0,10.5,,FALSE,TRUE,FALSE,FALSE,TRUE,FALSE,0
240,0,0,33,0,0,12.275,,FALSE,TRUE,FALSE,FALSE,TRUE,FALSE,0
241,0,1,25.14061972,1,0,14.4542,,TRUE,FALSE,FALSE,FALSE,FALSE,TRUE,1
242,1,1,25.14061972,1,0,15.5,,FALSE,FALSE,TRUE,FALSE,FALSE,TRUE,1
243,0,0,29,0,0,10.5,,FALSE,TRUE,FALSE,FALSE,TRUE,FALSE,0
244,0,0,22,0,0,7.125,,FALSE,TRUE,FALSE,FALSE,FALSE,TRUE,0
245,0,0,30,0,0,7.225,,TRUE,FALSE,FALSE,FALSE,FALSE,TRUE,0
246,0,0,44,2,0,90,C,FALSE,FALSE,TRUE,TRUE,FALSE,FALSE,2
247,0,1,25,0,0,7.775,,FALSE,TRUE,FALSE,FALSE,FALSE,TRUE,0
248,1,1,24,0,2,14.5,,FALSE,TRUE,FALSE,FALSE,TRUE,FALSE,2
249,1,0,37,1,1,52.5542,D,FALSE,TRUE,FALSE,TRUE,FALSE,FALSE,2
250,0,0,54,1,0,26,,FALSE,TRUE,FALSE,FALSE,TRUE,FALSE,1
251,0,0,25.14061972,0,0,7.25,,FALSE,TRUE,FALSE,FALSE,FALSE,TRUE,0
252,0,1,29,1,1,10.4625,G,FALSE,TRUE,FALSE,FALSE,FALSE,TRUE,2
253,0,0,62,0,0,26.55,C,FALSE,TRUE,FALSE,TRUE,FALSE,FALSE,0
254,0,0,30,1,0,16.1,,FALSE,TRUE,FALSE,FALSE,FALSE,TRUE,1
255,0,1,41,0,2,20.2125,,FALSE,TRUE,FALSE,FALSE,FALSE,TRUE,2
256,1,1,29,0,2,15.2458,,TRUE,FALSE,FALSE,FALSE,FALSE,TRUE,2
257,1,1,38.23344086,0,0,79.2,,TRUE,FALSE,FALSE,TRUE,FALSE,FALSE,0
258,1,1,30,0,0,86.5,B,FALSE,TRUE,FALSE,TRUE,FALSE,FALSE,0
259,1,1,35,0,0,512.3292,,TRUE,FALSE,FALSE,TRUE,FALSE,FALSE,0
260,1,1,50,0,1,26,,FALSE,TRUE,FALSE,FALSE,TRUE,FALSE,1
261,0,0,25.14061972,0,0,7.75,,FALSE,FALSE,TRUE,FALSE,FALSE,TRUE,0
262,1,0,3,4,2,31.3875,,FALSE,TRUE,FALSE,FALSE,FALSE,TRUE,6
263,0,0,52,1,1,79.65,E,FALSE,TRUE,FALSE,TRUE,FALSE,FALSE,2
264,0,0,40,0,0,0,B,FALSE,TRUE,FALSE,TRUE,FALSE,FALSE,0
265,0,1,25.14061972,0,0,7.75,,FALSE,FALSE,TRUE,FALSE,FALSE,TRUE,0
266,0,0,36,0,0,10.5,,FALSE,TRUE,FALSE,FALSE,TRUE,FALSE,0
267,0,0,16,4,1,39.6875,,FALSE,TRUE,FALSE,FALSE,FALSE,TRUE,5
268,1,0,25,1,0,7.775,,FALSE,TRUE,FALSE,FALSE,FALSE,TRUE,1
269,1,1,58,0,1,153.4625,C,FALSE,TRUE,FALSE,TRUE,FALSE,FALSE,1
270,1,1,35,0,0,135.6333,C,FALSE,TRUE,FALSE,TRUE,FALSE,FALSE,0
271,0,0,38.23344086,0,0,31,,FALSE,TRUE,FALSE,TRUE,FALSE,FALSE,0
272,1,0,25,0,0,0,,FALSE,TRUE,FALSE,FALSE,FALSE,TRUE,0
273,1,1,41,0,1,19.5,,FALSE,TRUE,FALSE,FALSE,TRUE,FALSE,1
274,0,0,37,0,1,29.7,C,TRUE,FALSE,FALSE,TRUE,FALSE,FALSE,1
275,1,1,25.14061972,0,0,7.75,,FALSE,FALSE,TRUE,FALSE,FALSE,TRUE,0
276,1,1,63,1,0,77.9583,D,FALSE,TRUE,FALSE,TRUE,FALSE,FALSE,1
277,0,1,45,0,0,7.75,,FALSE,TRUE,FALSE,FALSE,FALSE,TRUE,0
278,0,0,29.87763006,0,0,0,,FALSE,TRUE,FALSE,FALSE,TRUE,FALSE,0
279,0,0,7,4,1,29.125,,FALSE,FALSE,TRUE,FALSE,FALSE,TRUE,5
280,1,1,35,1,1,20.25,,FALSE,TRUE,FALSE,FALSE,FALSE,TRUE,2
281,0,0,65,0,0,7.75,,FALSE,FALSE,TRUE,FALSE,FALSE,TRUE,0
282,0,0,28,0,0,7.8542,,FALSE,TRUE,FALSE,FALSE,FALSE,TRUE,0
283,0,0,16,0,0,9.5,,FALSE,TRUE,FALSE,FALSE,FALSE,TRUE,0
284,1,0,19,0,0,8.05,,FALSE,TRUE,FALSE,FALSE,FALSE,TRUE,0
285,0,0,38.23344086,0,0,26,A,FALSE,TRUE,FALSE,TRUE,FALSE,FALSE,0
286,0,0,33,0,0,8.6625,,TRUE,FALSE,FALSE,FALSE,FALSE,TRUE,0
287,1,0,30,0,0,9.5,,FALSE,TRUE,FALSE,FALSE,FALSE,TRUE,0
288,0,0,22,0,0,7.8958,,FALSE,TRUE,FALSE,FALSE,FALSE,TRUE,0
289,1,0,42,0,0,13,,FALSE,TRUE,FALSE,FALSE,TRUE,FALSE,0
290,1,1,22,0,0,7.75,,FALSE,FALSE,TRUE,FALSE,FALSE,TRUE,0
291,1,1,26,0,0,78.85,,FALSE,TRUE,FALSE,TRUE,FALSE,FALSE,0
292,1,1,19,1,0,91.0792,B,TRUE,FALSE,FALSE,TRUE,FALSE,FALSE,1
293,0,0,36,0,0,12.875,D,TRUE,FALSE,FALSE,FALSE,TRUE,FALSE,0
294,0,1,24,0,0,8.85,,FALSE,TRUE,FALSE,FALSE,FALSE,TRUE,0
295,0,0,24,0,0,7.8958,,FALSE,TRUE,FALSE,FALSE,FALSE,TRUE,0
296,0,0,38.23344086,0,0,27.7208,,TRUE,FALSE,FALSE,TRUE,FALSE,FALSE,0
297,0,0,23.5,0,0,7.2292,,TRUE,FALSE,FALSE,FALSE,FALSE,TRUE,0
298,0,1,2,1,2,151.55,C,FALSE,TRUE,FALSE,TRUE,FALSE,FALSE,3
299,1,0,38.23344086,0,0,30.5,C,FALSE,TRUE,FALSE,TRUE,FALSE,FALSE,0
300,1,1,50,0,1,247.5208,B,TRUE,FALSE,FALSE,TRUE,FALSE,FALSE,1
301,1,1,25.14061972,0,0,7.75,,FALSE,FALSE,TRUE,FALSE,FALSE,TRUE,0
302,1,0,25.14061972,2,0,23.25,,FALSE,FALSE,TRUE,FALSE,FALSE,TRUE,2
303,0,0,19,0,0,0,,FALSE,TRUE,FALSE,FALSE,FALSE,TRUE,0
304,1,1,29.87763006,0,0,12.35,E,FALSE,FALSE,TRUE,FALSE,TRUE,FALSE,0
305,0,0,25.14061972,0,0,8.05,,FALSE,TRUE,FALSE,FALSE,FALSE,TRUE,0
306,1,0,0.92,1,2,151.55,C,FALSE,TRUE,FALSE,TRUE,FALSE,FALSE,3
307,1,1,38.23344086,0,0,110.8833,,TRUE,FALSE,FALSE,TRUE,FALSE,FALSE,0
308,1,1,17,1,0,108.9,C,TRUE,FALSE,FALSE,TRUE,FALSE,FALSE,1
309,0,0,30,1,0,24,,TRUE,FALSE,FALSE,FALSE,TRUE,FALSE,1
310,1,1,30,0,0,56.9292,E,TRUE,FALSE,FALSE,TRUE,FALSE,FALSE,0
311,1,1,24,0,0,83.1583,C,TRUE,FALSE,FALSE,TRUE,FALSE,FALSE,0
312,1,1,18,2,2,262.375,B,TRUE,FALSE,FALSE,TRUE,FALSE,FALSE,4
313,0,1,26,1,1,26,,FALSE,TRUE,FALSE,FALSE,TRUE,FALSE,2
314,0,0,28,0,0,7.8958,,FALSE,TRUE,FALSE,FALSE,FALSE,TRUE,0
315,0,0,43,1,1,26.25,,FALSE,TRUE,FALSE,FALSE,TRUE,FALSE,2
316,1,1,26,0,0,7.8542,,FALSE,TRUE,FALSE,FALSE,FALSE,TRUE,0
317,1,1,24,1,0,26,,FALSE,TRUE,FALSE,FALSE,TRUE,FALSE,1
318,0,0,54,0,0,14,,FALSE,TRUE,FALSE,FALSE,TRUE,FALSE,0
319,1,1,31,0,2,164.8667,C,FALSE,TRUE,FALSE,TRUE,FALSE,FALSE,2
320,1,1,40,1,1,134.5,E,TRUE,FALSE,FALSE,TRUE,FALSE,FALSE,2
321,0,0,22,0,0,7.25,,FALSE,TRUE,FALSE,FALSE,FALSE,TRUE,0
322,0,0,27,0,0,7.8958,,FALSE,TRUE,FALSE,FALSE,FALSE,TRUE,0
323,1,1,30,0,0,12.35,,FALSE,FALSE,TRUE,FALSE,TRUE,FALSE,0
324,1,1,22,1,1,29,,FALSE,TRUE,FALSE,FALSE,TRUE,FALSE,2
325,0,0,25.14061972,8,2,69.55,,FALSE,TRUE,FALSE,FALSE,FALSE,TRUE,10
326,1,1,36,0,0,135.6333,C,TRUE,FALSE,FALSE,TRUE,FALSE,FALSE,0
327,0,0,61,0,0,6.2375,,FALSE,TRUE,FALSE,FALSE,FALSE,TRUE,0
328,1,1,36,0,0,13,D,FALSE,TRUE,FALSE,FALSE,TRUE,FALSE,0
329,1,1,31,1,1,20.525,,FALSE,TRUE,FALSE,FALSE,FALSE,TRUE,2
330,1,1,16,0,1,57.9792,B,TRUE,FALSE,FALSE,TRUE,FALSE,FALSE,1
331,1,1,25.14061972,2,0,23.25,,FALSE,FALSE,TRUE,FALSE,FALSE,TRUE,2
332,0,0,45.5,0,0,28.5,C,FALSE,TRUE,FALSE,TRUE,FALSE,FALSE,0
333,0,0,38,0,1,153.4625,C,FALSE,TRUE,FALSE,TRUE,FALSE,FALSE,1
334,0,0,16,2,0,18,,FALSE,TRUE,FALSE,FALSE,FALSE,TRUE,2
335,1,1,38.23344086,1,0,133.65,,FALSE,TRUE,FALSE,TRUE,FALSE,FALSE,1
336,0,0,25.14061972,0,0,7.8958,,FALSE,TRUE,FALSE,FALSE,FALSE,TRUE,0
337,0,0,29,1,0,66.6,C,FALSE,TRUE,FALSE,TRUE,FALSE,FALSE,1
338,1,1,41,0,0,134.5,E,TRUE,FALSE,FALSE,TRUE,FALSE,FALSE,0
339,1,0,45,0,0,8.05,,FALSE,TRUE,FALSE,FALSE,FALSE,TRUE,0
340,0,0,45,0,0,35.5,T,FALSE,TRUE,FALSE,TRUE,FALSE,FALSE,0
341,1,0,2,1,1,26,F,FALSE,TRUE,FALSE,FALSE,TRUE,FALSE,2
342,1,1,24,3,2,263,C,FALSE,TRUE,FALSE,TRUE,FALSE,FALSE,5
343,0,0,28,0,0,13,,FALSE,TRUE,FALSE,FALSE,TRUE,FALSE,0
344,0,0,25,0,0,13,,FALSE,TRUE,FALSE,FALSE,TRUE,FALSE,0
345,0,0,36,0,0,13,,FALSE,TRUE,FALSE,FALSE,TRUE,FALSE,0
346,1,1,24,0,0,13,F,FALSE,TRUE,FALSE,FALSE,TRUE,FALSE,0
347,1,1,40,0,0,13,,FALSE,TRUE,FALSE,FALSE,TRUE,FALSE,0
348,1,1,25.14061972,1,0,16.1,,FALSE,TRUE,FALSE,FALSE,FALSE,TRUE,1
349,1,0,3,1,1,15.9,,FALSE,TRUE,FALSE,FALSE,FALSE,TRUE,2
350,0,0,42,0,0,8.6625,,FALSE,TRUE,FALSE,FALSE,FALSE,TRUE,0
351,0,0,23,0,0,9.225,,FALSE,TRUE,FALSE,FALSE,FALSE,TRUE,0
352,0,0,38.23344086,0,0,35,C,FALSE,TRUE,FALSE,TRUE,FALSE,FALSE,0
353,0,0,15,1,1,7.2292,,TRUE,FALSE,FALSE,FALSE,FALSE,TRUE,2
354,0,0,25,1,0,17.8,,FALSE,TRUE,FALSE,FALSE,FALSE,TRUE,1
355,0,0,25.14061972,0,0,7.225,,TRUE,FALSE,FALSE,FALSE,FALSE,TRUE,0
356,0,0,28,0,0,9.5,,FALSE,TRUE,FALSE,FALSE,FALSE,TRUE,0
357,1,1,22,0,1,55,E,FALSE,TRUE,FALSE,TRUE,FALSE,FALSE,1
358,0,1,38,0,0,13,,FALSE,TRUE,FALSE,FALSE,TRUE,FALSE,0
359,1,1,25.14061972,0,0,7.8792,,FALSE,FALSE,TRUE,FALSE,FALSE,TRUE,0
360,1,1,25.14061972,0,0,7.8792,,FALSE,FALSE,TRUE,FALSE,FALSE,TRUE,0
361,0,0,40,1,4,27.9,,FALSE,TRUE,FALSE,FALSE,FALSE,TRUE,5
362,0,0,29,1,0,27.7208,,TRUE,FALSE,FALSE,FALSE,TRUE,FALSE,1
363,0,1,45,0,1,14.4542,,TRUE,FALSE,FALSE,FALSE,FALSE,TRUE,1
364,0,0,35,0,0,7.05,,FALSE,TRUE,FALSE,FALSE,FALSE,TRUE,0
365,0,0,25.14061972,1,0,15.5,,FALSE,FALSE,TRUE,FALSE,FALSE,TRUE,1
366,0,0,30,0,0,7.25,,FALSE,TRUE,FALSE,FALSE,FALSE,TRUE,0
367,1,1,60,1,0,75.25,D,TRUE,FALSE,FALSE,TRUE,FALSE,FALSE,1
368,1,1,25.14061972,0,0,7.2292,,TRUE,FALSE,FALSE,FALSE,FALSE,TRUE,0
369,1,1,25.14061972,0,0,7.75,,FALSE,FALSE,TRUE,FALSE,FALSE,TRUE,0
370,1,1,24,0,0,69.3,B,TRUE,FALSE,FALSE,TRUE,FALSE,FALSE,0
371,1,0,25,1,0,55.4417,E,TRUE,FALSE,FALSE,TRUE,FALSE,FALSE,1
372,0,0,18,1,0,6.4958,,FALSE,TRUE,FALSE,FALSE,FALSE,TRUE,1
373,0,0,19,0,0,8.05,,FALSE,TRUE,FALSE,FALSE,FALSE,TRUE,0
374,0,0,22,0,0,135.6333,,TRUE,FALSE,FALSE,TRUE,FALSE,FALSE,0
375,0,1,3,3,1,21.075,,FALSE,TRUE,FALSE,FALSE,FALSE,TRUE,4
376,1,1,38.23344086,1,0,82.1708,,TRUE,FALSE,FALSE,TRUE,FALSE,FALSE,1
377,1,1,22,0,0,7.25,,FALSE,TRUE,FALSE,FALSE,FALSE,TRUE,0
378,0,0,27,0,2,211.5,C,TRUE,FALSE,FALSE,TRUE,FALSE,FALSE,2
379,0,0,20,0,0,4.0125,,TRUE,FALSE,FALSE,FALSE,FALSE,TRUE,0
380,0,0,19,0,0,7.775,,FALSE,TRUE,FALSE,FALSE,FALSE,TRUE,0
381,1,1,42,0,0,227.525,,TRUE,FALSE,FALSE,TRUE,FALSE,FALSE,0
382,1,1,1,0,2,15.7417,,TRUE,FALSE,FALSE,FALSE,FALSE,TRUE,2
383,0,0,32,0,0,7.925,,FALSE,TRUE,FALSE,FALSE,FALSE,TRUE,0
384,1,1,35,1,0,52,,FALSE,TRUE,FALSE,TRUE,FALSE,FALSE,1
385,0,0,25.14061972,0,0,7.8958,,FALSE,TRUE,FALSE,FALSE,FALSE,TRUE,0
386,0,0,18,0,0,73.5,,FALSE,TRUE,FALSE,FALSE,TRUE,FALSE,0
387,0,0,1,5,2,46.9,,FALSE,TRUE,FALSE,FALSE,FALSE,TRUE,7
388,1,1,36,0,0,13,,FALSE,TRUE,FALSE,FALSE,TRUE,FALSE,0
389,0,0,25.14061972,0,0,7.7292,,FALSE,FALSE,TRUE,FALSE,FALSE,TRUE,0
390,1,1,17,0,0,12,,TRUE,FALSE,FALSE,FALSE,TRUE,FALSE,0
391,1,0,36,1,2,120,B,FALSE,TRUE,FALSE,TRUE,FALSE,FALSE,3
392,1,0,21,0,0,7.7958,,FALSE,TRUE,FALSE,FALSE,FALSE,TRUE,0
393,0,0,28,2,0,7.925,,FALSE,TRUE,FALSE,FALSE,FALSE,TRUE,2
394,1,1,23,1,0,113.275,D,TRUE,FALSE,FALSE,TRUE,FALSE,FALSE,1
395,1,1,24,0,2,16.7,G,FALSE,TRUE,FALSE,FALSE,FALSE,TRUE,2
396,0,0,22,0,0,7.7958,,FALSE,TRUE,FALSE,FALSE,FALSE,TRUE,0
397,0,1,31,0,0,7.8542,,FALSE,TRUE,FALSE,FALSE,FALSE,TRUE,0
398,0,0,46,0,0,26,,FALSE,TRUE,FALSE,FALSE,TRUE,FALSE,0
399,0,0,23,0,0,10.5,,FALSE,TRUE,FALSE,FALSE,TRUE,FALSE,0
400,1,1,28,0,0,12.65,,FALSE,TRUE,FALSE,FALSE,TRUE,FALSE,0
401,1,0,39,0,0,7.925,,FALSE,TRUE,FALSE,FALSE,FALSE,TRUE,0
402,0,0,26,0,0,8.05,,FALSE,TRUE,FALSE,FALSE,FALSE,TRUE,0
403,0,1,21,1,0,9.825,,FALSE,TRUE,FALSE,FALSE,FALSE,TRUE,1
404,0,0,28,1,0,15.85,,FALSE,TRUE,FALSE,FALSE,FALSE,TRUE,1
405,0,1,20,0,0,8.6625,,FALSE,TRUE,FALSE,FALSE,FALSE,TRUE,0
406,0,0,34,1,0,21,,FALSE,TRUE,FALSE,FALSE,TRUE,FALSE,1
407,0,0,51,0,0,7.75,,FALSE,TRUE,FALSE,FALSE,FALSE,TRUE,0
408,1,0,3,1,1,18.75,,FALSE,TRUE,FALSE,FALSE,TRUE,FALSE,2
409,0,0,21,0,0,7.775,,FALSE,TRUE,FALSE,FALSE,FALSE,TRUE,0
410,0,1,25.14061972,3,1,25.4667,,FALSE,TRUE,FALSE,FALSE,FALSE,TRUE,4
411,0,0,25.14061972,0,0,7.8958,,FALSE,TRUE,FALSE,FALSE,FALSE,TRUE,0
412,0,0,25.14061972,0,0,6.8583,,FALSE,FALSE,TRUE,FALSE,FALSE,TRUE,0
413,1,1,33,1,0,90,C,FALSE,FALSE,TRUE,TRUE,FALSE,FALSE,1
414,0,0,29.87763006,0,0,0,,FALSE,TRUE,FALSE,FALSE,TRUE,FALSE,0
415,1,0,44,0,0,7.925,,FALSE,TRUE,FALSE,FALSE,FALSE,TRUE,0
416,0,1,25.14061972,0,0,8.05,,FALSE,TRUE,FALSE,FALSE,FALSE,TRUE,0
417,1,1,34,1,1,32.5,,FALSE,TRUE,FALSE,FALSE,TRUE,FALSE,2
418,1,1,18,0,2,13,,FALSE,TRUE,FALSE,FALSE,TRUE,FALSE,2
419,0,0,30,0,0,13,,FALSE,TRUE,FALSE,FALSE,TRUE,FALSE,0
420,0,1,10,0,2,24.15,,FALSE,TRUE,FALSE,FALSE,FALSE,TRUE,2
421,0,0,25.14061972,0,0,7.8958,,TRUE,FALSE,FALSE,FALSE,FALSE,TRUE,0
422,0,0,21,0,0,7.7333,,FALSE,FALSE,TRUE,FALSE,FALSE,TRUE,0
423,0,0,29,0,0,7.875,,FALSE,TRUE,FALSE,FALSE,FALSE,TRUE,0
424,0,1,28,1,1,14.4,,FALSE,TRUE,FALSE,FALSE,FALSE,TRUE,2
425,0,0,18,1,1,20.2125,,FALSE,TRUE,FALSE,FALSE,FALSE,TRUE,2
426,0,0,25.14061972,0,0,7.25,,FALSE,TRUE,FALSE,FALSE,FALSE,TRUE,0
427,1,1,28,1,0,26,,FALSE,TRUE,FALSE,FALSE,TRUE,FALSE,1
428,1,1,19,0,0,26,,FALSE,TRUE,FALSE,FALSE,TRUE,FALSE,0
429,0,0,25.14061972,0,0,7.75,,FALSE,FALSE,TRUE,FALSE,FALSE,TRUE,0
430,1,0,32,0,0,8.05,E,FALSE,TRUE,FALSE,FALSE,FALSE,TRUE,0
431,1,0,28,0,0,26.55,C,FALSE,TRUE,FALSE,TRUE,FALSE,FALSE,0
432,1,1,25.14061972,1,0,16.1,,FALSE,TRUE,FALSE,FALSE,FALSE,TRUE,1
433,1,1,42,1,0,26,,FALSE,TRUE,FALSE,FALSE,TRUE,FALSE,1
434,0,0,17,0,0,7.125,,FALSE,TRUE,FALSE,FALSE,FALSE,TRUE,0
435,0,0,50,1,0,55.9,E,FALSE,TRUE,FALSE,TRUE,FALSE,FALSE,1
436,1,1,14,1,2,120,B,FALSE,TRUE,FALSE,TRUE,FALSE,FALSE,3
437,0,1,21,2,2,34.375,,FALSE,TRUE,FALSE,FALSE,FALSE,TRUE,4
438,1,1,24,2,3,18.75,,FALSE,TRUE,FALSE,FALSE,TRUE,FALSE,5
439,0,0,64,1,4,263,C,FALSE,TRUE,FALSE,TRUE,FALSE,FALSE,5
440,0,0,31,0,0,10.5,,FALSE,TRUE,FALSE,FALSE,TRUE,FALSE,0
441,1,1,45,1,1,26.25,,FALSE,TRUE,FALSE,FALSE,TRUE,FALSE,2
442,0,0,20,0,0,9.5,,FALSE,TRUE,FALSE,FALSE,FALSE,TRUE,0
443,0,0,25,1,0,7.775,,FALSE,TRUE,FALSE,FALSE,FALSE,TRUE,1
444,1,1,28,0,0,13,,FALSE,TRUE,FALSE,FALSE,TRUE,FALSE,0
445,1,0,25.14061972,0,0,8.1125,,FALSE,TRUE,FALSE,FALSE,FALSE,TRUE,0
446,1,0,4,0,2,81.8583,A,FALSE,TRUE,FALSE,TRUE,FALSE,FALSE,2
447,1,1,13,0,1,19.5,,FALSE,TRUE,FALSE,FALSE,TRUE,FALSE,1
448,1,0,34,0,0,26.55,,FALSE,TRUE,FALSE,TRUE,FALSE,FALSE,0
449,1,1,5,2,1,19.2583,,TRUE,FALSE,FALSE,FALSE,FALSE,TRUE,3
450,1,0,52,0,0,30.5,C,FALSE,TRUE,FALSE,TRUE,FALSE,FALSE,0
451,0,0,36,1,2,27.75,,FALSE,TRUE,FALSE,FALSE,TRUE,FALSE,3
452,0,0,25.14061972,1,0,19.9667,,FALSE,TRUE,FALSE,FALSE,FALSE,TRUE,1
453,0,0,30,0,0,27.75,C,TRUE,FALSE,FALSE,TRUE,FALSE,FALSE,0
454,1,0,49,1,0,89.1042,C,TRUE,FALSE,FALSE,TRUE,FALSE,FALSE,1
455,0,0,25.14061972,0,0,8.05,,FALSE,TRUE,FALSE,FALSE,FALSE,TRUE,0
456,1,0,29,0,0,7.8958,,TRUE,FALSE,FALSE,FALSE,FALSE,TRUE,0
457,0,0,65,0,0,26.55,E,FALSE,TRUE,FALSE,TRUE,FALSE,FALSE,0
458,1,1,38.23344086,1,0,51.8625,D,FALSE,TRUE,FALSE,TRUE,FALSE,FALSE,1
459,1,1,50,0,0,10.5,,FALSE,TRUE,FALSE,FALSE,TRUE,FALSE,0
460,0,0,25.14061972,0,0,7.75,,FALSE,FALSE,TRUE,FALSE,FALSE,TRUE,0
461,1,0,48,0,0,26.55,E,FALSE,TRUE,FALSE,TRUE,FALSE,FALSE,0
462,0,0,34,0,0,8.05,,FALSE,TRUE,FALSE,FALSE,FALSE,TRUE,0
463,0,0,47,0,0,38.5,E,FALSE,TRUE,FALSE,TRUE,FALSE,FALSE,0
464,0,0,48,0,0,13,,FALSE,TRUE,FALSE,FALSE,TRUE,FALSE,0
465,0,0,25.14061972,0,0,8.05,,FALSE,TRUE,FALSE,FALSE,FALSE,TRUE,0
466,0,0,38,0,0,7.05,,FALSE,TRUE,FALSE,FALSE,FALSE,TRUE,0
467,0,0,29.87763006,0,0,0,,FALSE,TRUE,FALSE,FALSE,TRUE,FALSE,0
468,0,0,56,0,0,26.55,,FALSE,TRUE,FALSE,TRUE,FALSE,FALSE,0
469,0,0,25.14061972,0,0,7.725,,FALSE,FALSE,TRUE,FALSE,FALSE,TRUE,0
470,1,1,0.75,2,1,19.2583,,TRUE,FALSE,FALSE,FALSE,FALSE,TRUE,3
471,0,0,25.14061972,0,0,7.25,,FALSE,TRUE,FALSE,FALSE,FALSE,TRUE,0
472,0,0,38,0,0,8.6625,,FALSE,TRUE,FALSE,FALSE,FALSE,TRUE,0
473,1,1,33,1,2,27.75,,FALSE,TRUE,FALSE,FALSE,TRUE,FALSE,3
474,1,1,23,0,0,13.7917,D,TRUE,FALSE,FALSE,FALSE,TRUE,FALSE,0
475,0,1,22,0,0,9.8375,,FALSE,TRUE,FALSE,FALSE,FALSE,TRUE,0
476,0,0,38.23344086,0,0,52,A,FALSE,TRUE,FALSE,TRUE,FALSE,FALSE,0
477,0,0,34,1,0,21,,FALSE,TRUE,FALSE,FALSE,TRUE,FALSE,1
478,0,0,29,1,0,7.0458,,FALSE,TRUE,FALSE,FALSE,FALSE,TRUE,1
479,0,0,22,0,0,7.5208,,FALSE,TRUE,FALSE,FALSE,FALSE,TRUE,0
480,1,1,2,0,1,12.2875,,FALSE,TRUE,FALSE,FALSE,FALSE,TRUE,1
481,0,0,9,5,2,46.9,,FALSE,TRUE,FALSE,FALSE,FALSE,TRUE,7
482,0,0,29.87763006,0,0,0,,FALSE,TRUE,FALSE,FALSE,TRUE,FALSE,0
483,0,0,50,0,0,8.05,,FALSE,TRUE,FALSE,FALSE,FALSE,TRUE,0
484,1,1,63,0,0,9.5875,,FALSE,TRUE,FALSE,FALSE,FALSE,TRUE,0
485,1,0,25,1,0,91.0792,B,TRUE,FALSE,FALSE,TRUE,FALSE,FALSE,1
486,0,1,25.14061972,3,1,25.4667,,FALSE,TRUE,FALSE,FALSE,FALSE,TRUE,4
487,1,1,35,1,0,90,C,FALSE,TRUE,FALSE,TRUE,FALSE,FALSE,1
488,0,0,58,0,0,29.7,B,TRUE,FALSE,FALSE,TRUE,FALSE,FALSE,0
489,0,0,30,0,0,8.05,,FALSE,TRUE,FALSE,FALSE,FALSE,TRUE,0
490,1,0,9,1,1,15.9,,FALSE,TRUE,FALSE,FALSE,FALSE,TRUE,2
491,0,0,25.14061972,1,0,19.9667,,FALSE,TRUE,FALSE,FALSE,FALSE,TRUE,1
492,0,0,21,0,0,7.25,,FALSE,TRUE,FALSE,FALSE,FALSE,TRUE,0
493,0,0,55,0,0,30.5,C,FALSE,TRUE,FALSE,TRUE,FALSE,FALSE,0
494,0,0,71,0,0,49.5042,,TRUE,FALSE,FALSE,TRUE,FALSE,FALSE,0
495,0,0,21,0,0,8.05,,FALSE,TRUE,FALSE,FALSE,FALSE,TRUE,0
496,0,0,25.14061972,0,0,14.4583,,TRUE,FALSE,FALSE,FALSE,FALSE,TRUE,0
497,1,1,54,1,0,78.2667,D,TRUE,FALSE,FALSE,TRUE,FALSE,FALSE,1
498,0,0,25.14061972,0,0,15.1,,FALSE,TRUE,FALSE,FALSE,FALSE,TRUE,0
499,0,1,25,1,2,151.55,C,FALSE,TRUE,FALSE,TRUE,FALSE,FALSE,3
500,0,0,24,0,0,7.7958,,FALSE,TRUE,FALSE,FALSE,FALSE,TRUE,0
501,0,0,17,0,0,8.6625,,FALSE,TRUE,FALSE,FALSE,FALSE,TRUE,0
502,0,1,21,0,0,7.75,,FALSE,FALSE,TRUE,FALSE,FALSE,TRUE,0
503,0,1,25.14061972,0,0,7.6292,,FALSE,FALSE,TRUE,FALSE,FALSE,TRUE,0
504,0,1,37,0,0,9.5875,,FALSE,TRUE,FALSE,FALSE,FALSE,TRUE,0
505,1,1,16,0,0,86.5,B,FALSE,TRUE,FALSE,TRUE,FALSE,FALSE,0
506,0,0,18,1,0,108.9,C,TRUE,FALSE,FALSE,TRUE,FALSE,FALSE,1
507,1,1,33,0,2,26,,FALSE,TRUE,FALSE,FALSE,TRUE,FALSE,2
508,1,0,38.23344086,0,0,26.55,,FALSE,TRUE,FALSE,TRUE,FALSE,FALSE,0
509,0,0,28,0,0,22.525,,FALSE,TRUE,FALSE,FALSE,FALSE,TRUE,0
510,1,0,26,0,0,56.4958,,FALSE,TRUE,FALSE,FALSE,FALSE,TRUE,0
511,1,0,29,0,0,7.75,,FALSE,FALSE,TRUE,FALSE,FALSE,TRUE,0
512,0,0,25.14061972,0,0,8.05,,FALSE,TRUE,FALSE,FALSE,FALSE,TRUE,0
513,1,0,36,0,0,26.2875,E,FALSE,TRUE,FALSE,TRUE,FALSE,FALSE,0
514,1,1,54,1,0,59.4,,TRUE,FALSE,FALSE,TRUE,FALSE,FALSE,1
515,0,0,24,0,0,7.4958,,FALSE,TRUE,FALSE,FALSE,FALSE,TRUE,0
516,0,0,47,0,0,34.0208,D,FALSE,TRUE,FALSE,TRUE,FALSE,FALSE,0
517,1,1,34,0,0,10.5,F,FALSE,TRUE,FALSE,FALSE,TRUE,FALSE,0
518,0,0,25.14061972,0,0,24.15,,FALSE,FALSE,TRUE,FALSE,FALSE,TRUE,0
519,1,1,36,1,0,26,,FALSE,TRUE,FALSE,FALSE,TRUE,FALSE,1
520,0,0,32,0,0,7.8958,,FALSE,TRUE,FALSE,FALSE,FALSE,TRUE,0
521,1,1,30,0,0,93.5,B,FALSE,TRUE,FALSE,TRUE,FALSE,FALSE,0
522,0,0,22,0,0,7.8958,,FALSE,TRUE,FALSE,FALSE,FALSE,TRUE,0
523,0,0,25.14061972,0,0,7.225,,TRUE,FALSE,FALSE,FALSE,FALSE,TRUE,0
524,1,1,44,0,1,57.9792,B,TRUE,FALSE,FALSE,TRUE,FALSE,FALSE,1
525,0,0,25.14061972,0,0,7.2292,,TRUE,FALSE,FALSE,FALSE,FALSE,TRUE,0
526,0,0,40.5,0,0,7.75,,FALSE,FALSE,TRUE,FALSE,FALSE,TRUE,0
527,1,1,50,0,0,10.5,,FALSE,TRUE,FALSE,FALSE,TRUE,FALSE,0
528,0,0,38.23344086,0,0,221.7792,C,FALSE,TRUE,FALSE,TRUE,FALSE,FALSE,0
529,0,0,39,0,0,7.925,,FALSE,TRUE,FALSE,FALSE,FALSE,TRUE,0
530,0,0,23,2,1,11.5,,FALSE,TRUE,FALSE,FALSE,TRUE,FALSE,3
531,1,1,2,1,1,26,,FALSE,TRUE,FALSE,FALSE,TRUE,FALSE,2
532,0,0,25.14061972,0,0,7.2292,,TRUE,FALSE,FALSE,FALSE,FALSE,TRUE,0
533,0,0,17,1,1,7.2292,,TRUE,FALSE,FALSE,FALSE,FALSE,TRUE,2
534,1,1,25.14061972,0,2,22.3583,,TRUE,FALSE,FALSE,FALSE,FALSE,TRUE,2
535,0,1,30,0,0,8.6625,,FALSE,TRUE,FALSE,FALSE,FALSE,TRUE,0
536,1,1,7,0,2,26.25,,FALSE,TRUE,FALSE,FALSE,TRUE,FALSE,2
537,0,0,45,0,0,26.55,B,FALSE,TRUE,FALSE,TRUE,FALSE,FALSE,0
538,1,1,30,0,0,106.425,,TRUE,FALSE,FALSE,TRUE,FALSE,FALSE,0
539,0,0,25.14061972,0,0,14.5,,FALSE,TRUE,FALSE,FALSE,FALSE,TRUE,0
540,1,1,22,0,2,49.5,B,TRUE,FALSE,FALSE,TRUE,FALSE,FALSE,2
541,1,1,36,0,2,71,B,FALSE,TRUE,FALSE,TRUE,FALSE,FALSE,2
542,0,1,9,4,2,31.275,,FALSE,TRUE,FALSE,FALSE,FALSE,TRUE,6
543,0,1,11,4,2,31.275,,FALSE,TRUE,FALSE,FALSE,FALSE,TRUE,6
544,1,0,32,1,0,26,,FALSE,TRUE,FALSE,FALSE,TRUE,FALSE,1
545,0,0,50,1,0,106.425,C,TRUE,FALSE,FALSE,TRUE,FALSE,FALSE,1
546,0,0,64,0,0,26,,FALSE,TRUE,FALSE,TRUE,FALSE,FALSE,0
547,1,1,19,1,0,26,,FALSE,TRUE,FALSE,FALSE,TRUE,FALSE,1
548,1,0,29.87763006,0,0,13.8625,,TRUE,FALSE,FALSE,FALSE,TRUE,FALSE,0
549,0,0,33,1,1,20.525,,FALSE,TRUE,FALSE,FALSE,FALSE,TRUE,2
550,1,0,8,1,1,36.75,,FALSE,TRUE,FALSE,FALSE,TRUE,FALSE,2
551,1,0,17,0,2,110.8833,C,TRUE,FALSE,FALSE,TRUE,FALSE,FALSE,2
552,0,0,27,0,0,26,,FALSE,TRUE,FALSE,FALSE,TRUE,FALSE,0
553,0,0,25.14061972,0,0,7.8292,,FALSE,FALSE,TRUE,FALSE,FALSE,TRUE,0
554,1,0,22,0,0,7.225,,TRUE,FALSE,FALSE,FALSE,FALSE,TRUE,0
555,1,1,22,0,0,7.775,,FALSE,TRUE,FALSE,FALSE,FALSE,TRUE,0
556,0,0,62,0,0,26.55,,FALSE,TRUE,FALSE,TRUE,FALSE,FALSE,0
557,1,1,48,1,0,39.6,A,TRUE,FALSE,FALSE,TRUE,FALSE,FALSE,1
558,0,0,38.23344086,0,0,227.525,,TRUE,FALSE,FALSE,TRUE,FALSE,FALSE,0
559,1,1,39,1,1,79.65,E,FALSE,TRUE,FALSE,TRUE,FALSE,FALSE,2
560,1,1,36,1,0,17.4,,FALSE,TRUE,FALSE,FALSE,FALSE,TRUE,1
561,0,0,25.14061972,0,0,7.75,,FALSE,FALSE,TRUE,FALSE,FALSE,TRUE,0
562,0,0,40,0,0,7.8958,,FALSE,TRUE,FALSE,FALSE,FALSE,TRUE,0
563,0,0,28,0,0,13.5,,FALSE,TRUE,FALSE,FALSE,TRUE,FALSE,0
564,0,0,25.14061972,0,0,8.05,,FALSE,TRUE,FALSE,FALSE,FALSE,TRUE,0
565,0,1,25.14061972,0,0,8.05,,FALSE,TRUE,FALSE,FALSE,FALSE,TRUE,0
566,0,0,24,2,0,24.15,,FALSE,TRUE,FALSE,FALSE,FALSE,TRUE,2
567,0,0,19,0,0,7.8958,,FALSE,TRUE,FALSE,FALSE,FALSE,TRUE,0
568,0,1,29,0,4,21.075,,FALSE,TRUE,FALSE,FALSE,FALSE,TRUE,4
569,0,0,25.14061972,0,0,7.2292,,TRUE,FALSE,FALSE,FALSE,FALSE,TRUE,0
570,1,0,32,0,0,7.8542,,FALSE,TRUE,FALSE,FALSE,FALSE,TRUE,0
571,1,0,62,0,0,10.5,,FALSE,TRUE,FALSE,FALSE,TRUE,FALSE,0
572,1,1,53,2,0,51.4792,C,FALSE,TRUE,FALSE,TRUE,FALSE,FALSE,2
573,1,0,36,0,0,26.3875,E,FALSE,TRUE,FALSE,TRUE,FALSE,FALSE,0
574,1,1,25.14061972,0,0,7.75,,FALSE,FALSE,TRUE,FALSE,FALSE,TRUE,0
575,0,0,16,0,0,8.05,,FALSE,TRUE,FALSE,FALSE,FALSE,TRUE,0
576,0,0,19,0,0,14.5,,FALSE,TRUE,FALSE,FALSE,FALSE,TRUE,0
577,1,1,34,0,0,13,,FALSE,TRUE,FALSE,FALSE,TRUE,FALSE,0
578,1,1,39,1,0,55.9,E,FALSE,TRUE,FALSE,TRUE,FALSE,FALSE,1
579,0,1,25.14061972,1,0,14.4583,,TRUE,FALSE,FALSE,FALSE,FALSE,TRUE,1
580,1,0,32,0,0,7.925,,FALSE,TRUE,FALSE,FALSE,FALSE,TRUE,0
581,1,1,25,1,1,30,,FALSE,TRUE,FALSE,FALSE,TRUE,FALSE,2
582,1,1,39,1,1,110.8833,C,TRUE,FALSE,FALSE,TRUE,FALSE,FALSE,2
583,0,0,54,0,0,26,,FALSE,TRUE,FALSE,FALSE,TRUE,FALSE,0
584,0,0,36,0,0,40.125,A,TRUE,FALSE,FALSE,TRUE,FALSE,FALSE,0
585,0,0,25.14061972,0,0,8.7125,,TRUE,FALSE,FALSE,FALSE,FALSE,TRUE,0
586,1,1,18,0,2,79.65,E,FALSE,TRUE,FALSE,TRUE,FALSE,FALSE,2
587,0,0,47,0,0,15,,FALSE,TRUE,FALSE,FALSE,TRUE,FALSE,0
588,1,0,60,1,1,79.2,B,TRUE,FALSE,FALSE,TRUE,FALSE,FALSE,2
589,0,0,22,0,0,8.05,,FALSE,TRUE,FALSE,FALSE,FALSE,TRUE,0
590,0,0,25.14061972,0,0,8.05,,FALSE,TRUE,FALSE,FALSE,FALSE,TRUE,0
591,0,0,35,0,0,7.125,,FALSE,TRUE,FALSE,FALSE,FALSE,TRUE,0
592,1,1,52,1,0,78.2667,D,TRUE,FALSE,FALSE,TRUE,FALSE,FALSE,1
593,0,0,47,0,0,7.25,,FALSE,TRUE,FALSE,FALSE,FALSE,TRUE,0
594,0,1,25.14061972,0,2,7.75,,FALSE,FALSE,TRUE,FALSE,FALSE,TRUE,2
595,0,0,37,1,0,26,,FALSE,TRUE,FALSE,FALSE,TRUE,FALSE,1
596,0,0,36,1,1,24.15,,FALSE,TRUE,FALSE,FALSE,FALSE,TRUE,2
597,1,1,29.87763006,0,0,33,,FALSE,TRUE,FALSE,FALSE,TRUE,FALSE,0
598,0,0,49,0,0,0,,FALSE,TRUE,FALSE,FALSE,FALSE,TRUE,0
599,0,0,25.14061972,0,0,7.225,,TRUE,FALSE,FALSE,FALSE,FALSE,TRUE,0
600,1,0,49,1,0,56.9292,A,TRUE,FALSE,FALSE,TRUE,FALSE,FALSE,1
601,1,1,24,2,1,27,,FALSE,TRUE,FALSE,FALSE,TRUE,FALSE,3
602,0,0,25.14061972,0,0,7.8958,,FALSE,TRUE,FALSE,FALSE,FALSE,TRUE,0
603,0,0,38.23344086,0,0,42.4,,FALSE,TRUE,FALSE,TRUE,FALSE,FALSE,0
604,0,0,44,0,0,8.05,,FALSE,TRUE,FALSE,FALSE,FALSE,TRUE,0
605,1,0,35,0,0,26.55,,TRUE,FALSE,FALSE,TRUE,FALSE,FALSE,0
606,0,0,36,1,0,15.55,,FALSE,TRUE,FALSE,FALSE,FALSE,TRUE,1
607,0,0,30,0,0,7.8958,,FALSE,TRUE,FALSE,FALSE,FALSE,TRUE,0
608,1,0,27,0,0,30.5,,FALSE,TRUE,FALSE,TRUE,FALSE,FALSE,0
609,1,1,22,1,2,41.5792,,TRUE,FALSE,FALSE,FALSE,TRUE,FALSE,3
610,1,1,40,0,0,153.4625,C,FALSE,TRUE,FALSE,TRUE,FALSE,FALSE,0
611,0,1,39,1,5,31.275,,FALSE,TRUE,FALSE,FALSE,FALSE,TRUE,6
612,0,0,25.14061972,0,0,7.05,,FALSE,TRUE,FALSE,FALSE,FALSE,TRUE,0
613,1,1,25.14061972,1,0,15.5,,FALSE,FALSE,TRUE,FALSE,FALSE,TRUE,1
614,0,0,25.14061972,0,0,7.75,,FALSE,FALSE,TRUE,FALSE,FALSE,TRUE,0
615,0,0,35,0,0,8.05,,FALSE,TRUE,FALSE,FALSE,FALSE,TRUE,0
616,1,1,24,1,2,65,,FALSE,TRUE,FALSE,FALSE,TRUE,FALSE,3
617,0,0,34,1,1,14.4,,FALSE,TRUE,FALSE,FALSE,FALSE,TRUE,2
618,0,1,26,1,0,16.1,,FALSE,TRUE,FALSE,FALSE,FALSE,TRUE,1
619,1,1,4,2,1,39,F,FALSE,TRUE,FALSE,FALSE,TRUE,FALSE,3
620,0,0,26,0,0,10.5,,FALSE,TRUE,FALSE,FALSE,TRUE,FALSE,0
621,0,0,27,1,0,14.4542,,TRUE,FALSE,FALSE,FALSE,FALSE,TRUE,1
622,1,0,42,1,0,52.5542,D,FALSE,TRUE,FALSE,TRUE,FALSE,FALSE,1
623,1,0,20,1,1,15.7417,,TRUE,FALSE,FALSE,FALSE,FALSE,TRUE,2
624,0,0,21,0,0,7.8542,,FALSE,TRUE,FALSE,FALSE,FALSE,TRUE,0
625,0,0,21,0,0,16.1,,FALSE,TRUE,FALSE,FALSE,FALSE,TRUE,0
626,0,0,61,0,0,32.3208,D,FALSE,TRUE,FALSE,TRUE,FALSE,FALSE,0
627,0,0,57,0,0,12.35,,FALSE,FALSE,TRUE,FALSE,TRUE,FALSE,0
628,1,1,21,0,0,77.9583,D,FALSE,TRUE,FALSE,TRUE,FALSE,FALSE,0
629,0,0,26,0,0,7.8958,,FALSE,TRUE,FALSE,FALSE,FALSE,TRUE,0
630,0,0,25.14061972,0,0,7.7333,,FALSE,FALSE,TRUE,FALSE,FALSE,TRUE,0
631,1,0,80,0,0,30,A,FALSE,TRUE,FALSE,TRUE,FALSE,FALSE,0
632,0,0,51,0,0,7.0542,,FALSE,TRUE,FALSE,FALSE,FALSE,TRUE,0
633,1,0,32,0,0,30.5,B,TRUE,FALSE,FALSE,TRUE,FALSE,FALSE,0
634,0,0,38.23344086,0,0,0,,FALSE,TRUE,FALSE,TRUE,FALSE,FALSE,0
635,0,1,9,3,2,27.9,,FALSE,TRUE,FALSE,FALSE,FALSE,TRUE,5
636,1,1,28,0,0,13,,FALSE,TRUE,FALSE,FALSE,TRUE,FALSE,0
637,0,0,32,0,0,7.925,,FALSE,TRUE,FALSE,FALSE,FALSE,TRUE,0
638,0,0,31,1,1,26.25,,FALSE,TRUE,FALSE,FALSE,TRUE,FALSE,2
639,0,1,41,0,5,39.6875,,FALSE,TRUE,FALSE,FALSE,FALSE,TRUE,5
640,0,0,25.14061972,1,0,16.1,,FALSE,TRUE,FALSE,FALSE,FALSE,TRUE,1
641,0,0,20,0,0,7.8542,,FALSE,TRUE,FALSE,FALSE,FALSE,TRUE,0
642,1,1,24,0,0,69.3,B,TRUE,FALSE,FALSE,TRUE,FALSE,FALSE,0
643,0,1,2,3,2,27.9,,FALSE,TRUE,FALSE,FALSE,FALSE,TRUE,5
644,1,0,25.14061972,0,0,56.4958,,FALSE,TRUE,FALSE,FALSE,FALSE,TRUE,0
645,1,1,0.75,2,1,19.2583,,TRUE,FALSE,FALSE,FALSE,FALSE,TRUE,3
646,1,0,48,1,0,76.7292,D,TRUE,FALSE,FALSE,TRUE,FALSE,FALSE,1
647,0,0,19,0,0,7.8958,,FALSE,TRUE,FALSE,FALSE,FALSE,TRUE,0
648,1,0,56,0,0,35.5,A,TRUE,FALSE,FALSE,TRUE,FALSE,FALSE,0
649,0,0,25.14061972,0,0,7.55,,FALSE,TRUE,FALSE,FALSE,FALSE,TRUE,0
650,1,1,23,0,0,7.55,,FALSE,TRUE,FALSE,FALSE,FALSE,TRUE,0
651,0,0,25.14061972,0,0,7.8958,,FALSE,TRUE,FALSE,FALSE,FALSE,TRUE,0
652,1,1,18,0,1,23,,FALSE,TRUE,FALSE,FALSE,TRUE,FALSE,1
653,0,0,21,0,0,8.4333,,FALSE,TRUE,FALSE,FALSE,FALSE,TRUE,0
654,1,1,25.14061972,0,0,7.8292,,FALSE,FALSE,TRUE,FALSE,FALSE,TRUE,0
655,0,1,18,0,0,6.75,,FALSE,FALSE,TRUE,FALSE,FALSE,TRUE,0
656,0,0,24,2,0,73.5,,FALSE,TRUE,FALSE,FALSE,TRUE,FALSE,2
657,0,0,25.14061972,0,0,7.8958,,FALSE,TRUE,FALSE,FALSE,FALSE,TRUE,0
658,0,1,32,1,1,15.5,,FALSE,FALSE,TRUE,FALSE,FALSE,TRUE,2
659,0,0,23,0,0,13,,FALSE,TRUE,FALSE,FALSE,TRUE,FALSE,0
660,0,0,58,0,2,113.275,D,TRUE,FALSE,FALSE,TRUE,FALSE,FALSE,2
661,1,0,50,2,0,133.65,,FALSE,TRUE,FALSE,TRUE,FALSE,FALSE,2
662,0,0,40,0,0,7.225,,TRUE,FALSE,FALSE,FALSE,FALSE,TRUE,0
663,0,0,47,0,0,25.5875,E,FALSE,TRUE,FALSE,TRUE,FALSE,FALSE,0
664,0,0,36,0,0,7.4958,,FALSE,TRUE,FALSE,FALSE,FALSE,TRUE,0
665,1,0,20,1,0,7.925,,FALSE,TRUE,FALSE,FALSE,FALSE,TRUE,1
666,0,0,32,2,0,73.5,,FALSE,TRUE,FALSE,FALSE,TRUE,FALSE,2
667,0,0,25,0,0,13,,FALSE,TRUE,FALSE,FALSE,TRUE,FALSE,0
668,0,0,25.14061972,0,0,7.775,,FALSE,TRUE,FALSE,FALSE,FALSE,TRUE,0
669,0,0,43,0,0,8.05,,FALSE,TRUE,FALSE,FALSE,FALSE,TRUE,0
670,1,1,38.23344086,1,0,52,C,FALSE,TRUE,FALSE,TRUE,FALSE,FALSE,1
671,1,1,40,1,1,39,,FALSE,TRUE,FALSE,FALSE,TRUE,FALSE,2
672,0,0,31,1,0,52,B,FALSE,TRUE,FALSE,TRUE,FALSE,FALSE,1
673,0,0,70,0,0,10.5,,FALSE,TRUE,FALSE,FALSE,TRUE,FALSE,0
674,1,0,31,0,0,13,,FALSE,TRUE,FALSE,FALSE,TRUE,FALSE,0
675,0,0,29.87763006,0,0,0,,FALSE,TRUE,FALSE,FALSE,TRUE,FALSE,0
676,0,0,18,0,0,7.775,,FALSE,TRUE,FALSE,FALSE,FALSE,TRUE,0
677,0,0,24.5,0,0,8.05,,FALSE,TRUE,FALSE,FALSE,FALSE,TRUE,0
678,1,1,18,0,0,9.8417,,FALSE,TRUE,FALSE,FALSE,FALSE,TRUE,0
679,0,1,43,1,6,46.9,,FALSE,TRUE,FALSE,FALSE,FALSE,TRUE,7
680,1,0,36,0,1,512.3292,B,TRUE,FALSE,FALSE,TRUE,FALSE,FALSE,1
681,0,1,25.14061972,0,0,8.1375,,FALSE,FALSE,TRUE,FALSE,FALSE,TRUE,0
682,1,0,27,0,0,76.7292,D,TRUE,FALSE,FALSE,TRUE,FALSE,FALSE,0
683,0,0,20,0,0,9.225,,FALSE,TRUE,FALSE,FALSE,FALSE,TRUE,0
684,0,0,14,5,2,46.9,,FALSE,TRUE,FALSE,FALSE,FALSE,TRUE,7
685,0,0,60,1,1,39,,FALSE,TRUE,FALSE,FALSE,TRUE,FALSE,2
686,0,0,25,1,2,41.5792,,TRUE,FALSE,FALSE,FALSE,TRUE,FALSE,3
687,0,0,14,4,1,39.6875,,FALSE,TRUE,FALSE,FALSE,FALSE,TRUE,5
688,0,0,19,0,0,10.1708,,FALSE,TRUE,FALSE,FALSE,FALSE,TRUE,0
689,0,0,18,0,0,7.7958,,FALSE,TRUE,FALSE,FALSE,FALSE,TRUE,0
690,1,1,15,0,1,211.3375,B,FALSE,TRUE,FALSE,TRUE,FALSE,FALSE,1
691,1,0,31,1,0,57,B,FALSE,TRUE,FALSE,TRUE,FALSE,FALSE,1
692,1,1,4,0,1,13.4167,,TRUE,FALSE,FALSE,FALSE,FALSE,TRUE,1
693,1,0,25.14061972,0,0,56.4958,,FALSE,TRUE,FALSE,FALSE,FALSE,TRUE,0
694,0,0,25,0,0,7.225,,TRUE,FALSE,FALSE,FALSE,FALSE,TRUE,0
695,0,0,60,0,0,26.55,,FALSE,TRUE,FALSE,TRUE,FALSE,FALSE,0
696,0,0,52,0,0,13.5,,FALSE,TRUE,FALSE,FALSE,TRUE,FALSE,0
697,0,0,44,0,0,8.05,,FALSE,TRUE,FALSE,FALSE,FALSE,TRUE,0
698,1,1,25.14061972,0,0,7.7333,,FALSE,FALSE,TRUE,FALSE,FALSE,TRUE,0
699,0,0,49,1,1,110.8833,C,TRUE,FALSE,FALSE,TRUE,FALSE,FALSE,2
700,0,0,42,0,0,7.65,F,FALSE,TRUE,FALSE,FALSE,FALSE,TRUE,0
701,1,1,18,1,0,227.525,C,TRUE,FALSE,FALSE,TRUE,FALSE,FALSE,1
702,1,0,35,0,0,26.2875,E,FALSE,TRUE,FALSE,TRUE,FALSE,FALSE,0
703,0,1,18,0,1,14.4542,,TRUE,FALSE,FALSE,FALSE,FALSE,TRUE,1
704,0,0,25,0,0,7.7417,,FALSE,FALSE,TRUE,FALSE,FALSE,TRUE,0
705,0,0,26,1,0,7.8542,,FALSE,TRUE,FALSE,FALSE,FALSE,TRUE,1
706,0,0,39,0,0,26,,FALSE,TRUE,FALSE,FALSE,TRUE,FALSE,0
707,1,1,45,0,0,13.5,,FALSE,TRUE,FALSE,FALSE,TRUE,FALSE,0
708,1,0,42,0,0,26.2875,E,FALSE,TRUE,FALSE,TRUE,FALSE,FALSE,0
709,1,1,22,0,0,151.55,,FALSE,TRUE,FALSE,TRUE,FALSE,FALSE,0
710,1,0,25.14061972,1,1,15.2458,,TRUE,FALSE,FALSE,FALSE,FALSE,TRUE,2
711,1,1,24,0,0,49.5042,C,TRUE,FALSE,FALSE,TRUE,FALSE,FALSE,0
712,0,0,38.23344086,0,0,26.55,C,FALSE,TRUE,FALSE,TRUE,FALSE,FALSE,0
713,1,0,48,1,0,52,C,FALSE,TRUE,FALSE,TRUE,FALSE,FALSE,1
714,0,0,29,0,0,9.4833,,FALSE,TRUE,FALSE,FALSE,FALSE,TRUE,0
715,0,0,52,0,0,13,,FALSE,TRUE,FALSE,FALSE,TRUE,FALSE,0
716,0,0,19,0,0,7.65,F,FALSE,TRUE,FALSE,FALSE,FALSE,TRUE,0
717,1,1,38,0,0,227.525,C,TRUE,FALSE,FALSE,TRUE,FALSE,FALSE,0
718,1,1,27,0,0,10.5,E,FALSE,TRUE,FALSE,FALSE,TRUE,FALSE,0
719,0,0,25.14061972,0,0,15.5,,FALSE,FALSE,TRUE,FALSE,FALSE,TRUE,0
720,0,0,33,0,0,7.775,,FALSE,TRUE,FALSE,FALSE,FALSE,TRUE,0
721,1,1,6,0,1,33,,FALSE,TRUE,FALSE,FALSE,TRUE,FALSE,1
722,0,0,17,1,0,7.0542,,FALSE,TRUE,FALSE,FALSE,FALSE,TRUE,1
723,0,0,34,0,0,13,,FALSE,TRUE,FALSE,FALSE,TRUE,FALSE,0
724,0,0,50,0,0,13,,FALSE,TRUE,FALSE,FALSE,TRUE,FALSE,0
725,1,0,27,1,0,53.1,E,FALSE,TRUE,FALSE,TRUE,FALSE,FALSE,1
726,0,0,20,0,0,8.6625,,FALSE,TRUE,FALSE,FALSE,FALSE,TRUE,0
727,1,1,30,3,0,21,,FALSE,TRUE,FALSE,FALSE,TRUE,FALSE,3
728,1,1,25.14061972,0,0,7.7375,,FALSE,FALSE,TRUE,FALSE,FALSE,TRUE,0
729,0,0,25,1,0,26,,FALSE,TRUE,FALSE,FALSE,TRUE,FALSE,1
730,0,1,25,1,0,7.925,,FALSE,TRUE,FALSE,FALSE,FALSE,TRUE,1
731,1,1,29,0,0,211.3375,B,FALSE,TRUE,FALSE,TRUE,FALSE,FALSE,0
732,0,0,11,0,0,18.7875,,TRUE,FALSE,FALSE,FALSE,FALSE,TRUE,0
733,0,0,29.87763006,0,0,0,,FALSE,TRUE,FALSE,FALSE,TRUE,FALSE,0
734,0,0,23,0,0,13,,FALSE,TRUE,FALSE,FALSE,TRUE,FALSE,0
735,0,0,23,0,0,13,,FALSE,TRUE,FALSE,FALSE,TRUE,FALSE,0
736,0,0,28.5,0,0,16.1,,FALSE,TRUE,FALSE,FALSE,FALSE,TRUE,0
737,0,1,48,1,3,34.375,,FALSE,TRUE,FALSE,FALSE,FALSE,TRUE,4
738,1,0,35,0,0,512.3292,B,TRUE,FALSE,FALSE,TRUE,FALSE,FALSE,0
739,0,0,25.14061972,0,0,7.8958,,FALSE,TRUE,FALSE,FALSE,FALSE,TRUE,0
740,0,0,25.14061972,0,0,7.8958,,FALSE,TRUE,FALSE,FALSE,FALSE,TRUE,0
741,1,0,38.23344086,0,0,30,D,FALSE,TRUE,FALSE,TRUE,FALSE,FALSE,0
742,0,0,36,1,0,78.85,C,FALSE,TRUE,FALSE,TRUE,FALSE,FALSE,1
743,1,1,21,2,2,262.375,B,TRUE,FALSE,FALSE,TRUE,FALSE,FALSE,4
744,0,0,24,1,0,16.1,,FALSE,TRUE,FALSE,FALSE,FALSE,TRUE,1
745,1,0,31,0,0,7.925,,FALSE,TRUE,FALSE,FALSE,FALSE,TRUE,0
746,0,0,70,1,1,71,B,FALSE,TRUE,FALSE,TRUE,FALSE,FALSE,2
747,0,0,16,1,1,20.25,,FALSE,TRUE,FALSE,FALSE,FALSE,TRUE,2
748,1,1,30,0,0,13,,FALSE,TRUE,FALSE,FALSE,TRUE,FALSE,0
749,0,0,19,1,0,53.1,D,FALSE,TRUE,FALSE,TRUE,FALSE,FALSE,1
750,0,0,31,0,0,7.75,,FALSE,FALSE,TRUE,FALSE,FALSE,TRUE,0
751,1,1,4,1,1,23,,FALSE,TRUE,FALSE,FALSE,TRUE,FALSE,2
752,1,0,6,0,1,12.475,E,FALSE,TRUE,FALSE,FALSE,FALSE,TRUE,1
753,0,0,33,0,0,9.5,,FALSE,TRUE,FALSE,FALSE,FALSE,TRUE,0
754,0,0,23,0,0,7.8958,,FALSE,TRUE,FALSE,FALSE,FALSE,TRUE,0
755,1,1,48,1,2,65,,FALSE,TRUE,FALSE,FALSE,TRUE,FALSE,3
756,1,0,0.67,1,1,14.5,,FALSE,TRUE,FALSE,FALSE,TRUE,FALSE,2
757,0,0,28,0,0,7.7958,,FALSE,TRUE,FALSE,FALSE,FALSE,TRUE,0
758,0,0,18,0,0,11.5,,FALSE,TRUE,FALSE,FALSE,TRUE,FALSE,0
759,0,0,34,0,0,8.05,,FALSE,TRUE,FALSE,FALSE,FALSE,TRUE,0
760,1,1,33,0,0,86.5,B,FALSE,TRUE,FALSE,TRUE,FALSE,FALSE,0
761,0,0,25.14061972,0,0,14.5,,FALSE,TRUE,FALSE,FALSE,FALSE,TRUE,0
762,0,0,41,0,0,7.125,,FALSE,TRUE,FALSE,FALSE,FALSE,TRUE,0
763,1,0,20,0,0,7.2292,,TRUE,FALSE,FALSE,FALSE,FALSE,TRUE,0
764,1,1,36,1,2,120,B,FALSE,TRUE,FALSE,TRUE,FALSE,FALSE,3
765,0,0,16,0,0,7.775,,FALSE,TRUE,FALSE,FALSE,FALSE,TRUE,0
766,1,1,51,1,0,77.9583,D,FALSE,TRUE,FALSE,TRUE,FALSE,FALSE,1
767,0,0,38.23344086,0,0,39.6,,TRUE,FALSE,FALSE,TRUE,FALSE,FALSE,0
768,0,1,30.5,0,0,7.75,,FALSE,FALSE,TRUE,FALSE,FALSE,TRUE,0
769,0,0,25.14061972,1,0,24.15,,FALSE,FALSE,TRUE,FALSE,FALSE,TRUE,1
770,0,0,32,0,0,8.3625,,FALSE,TRUE,FALSE,FALSE,FALSE,TRUE,0
771,0,0,24,0,0,9.5,,FALSE,TRUE,FALSE,FALSE,FALSE,TRUE,0
772,0,0,48,0,0,7.8542,,FALSE,TRUE,FALSE,FALSE,FALSE,TRUE,0
773,0,1,57,0,0,10.5,E,FALSE,TRUE,FALSE,FALSE,TRUE,FALSE,0
774,0,0,25.14061972,0,0,7.225,,TRUE,FALSE,FALSE,FALSE,FALSE,TRUE,0
775,1,1,54,1,3,23,,FALSE,TRUE,FALSE,FALSE,TRUE,FALSE,4
776,0,0,18,0,0,7.75,,FALSE,TRUE,FALSE,FALSE,FALSE,TRUE,0
777,0,0,25.14061972,0,0,7.75,F,FALSE,FALSE,TRUE,FALSE,FALSE,TRUE,0
778,1,1,5,0,0,12.475,,FALSE,TRUE,FALSE,FALSE,FALSE,TRUE,0
779,0,0,25.14061972,0,0,7.7375,,FALSE,FALSE,TRUE,FALSE,FALSE,TRUE,0
780,1,1,43,0,1,211.3375,B,FALSE,TRUE,FALSE,TRUE,FALSE,FALSE,1
781,1,1,13,0,0,7.2292,,TRUE,FALSE,FALSE,FALSE,FALSE,TRUE,0
782,1,1,17,1,0,57,B,FALSE,TRUE,FALSE,TRUE,FALSE,FALSE,1
783,0,0,29,0,0,30,D,FALSE,TRUE,FALSE,TRUE,FALSE,FALSE,0
784,0,0,25.14061972,1,2,23.45,,FALSE,TRUE,FALSE,FALSE,FALSE,TRUE,3
785,0,0,25,0,0,7.05,,FALSE,TRUE,FALSE,FALSE,FALSE,TRUE,0
786,0,0,25,0,0,7.25,,FALSE,TRUE,FALSE,FALSE,FALSE,TRUE,0
787,1,1,18,0,0,7.4958,,FALSE,TRUE,FALSE,FALSE,FALSE,TRUE,0
788,0,0,8,4,1,29.125,,FALSE,FALSE,TRUE,FALSE,FALSE,TRUE,5
789,1,0,1,1,2,20.575,,FALSE,TRUE,FALSE,FALSE,FALSE,TRUE,3
790,0,0,46,0,0,79.2,B,TRUE,FALSE,FALSE,TRUE,FALSE,FALSE,0
791,0,0,25.14061972,0,0,7.75,,FALSE,FALSE,TRUE,FALSE,FALSE,TRUE,0
792,0,0,16,0,0,26,,FALSE,TRUE,FALSE,FALSE,TRUE,FALSE,0
793,0,1,25.14061972,8,2,69.55,,FALSE,TRUE,FALSE,FALSE,FALSE,TRUE,10
794,0,0,38.23344086,0,0,30.6958,,TRUE,FALSE,FALSE,TRUE,FALSE,FALSE,0
795,0,0,25,0,0,7.8958,,FALSE,TRUE,FALSE,FALSE,FALSE,TRUE,0
796,0,0,39,0,0,13,,FALSE,TRUE,FALSE,FALSE,TRUE,FALSE,0
797,1,1,49,0,0,25.9292,D,FALSE,TRUE,FALSE,TRUE,FALSE,FALSE,0
798,1,1,31,0,0,8.6833,,FALSE,TRUE,FALSE,FALSE,FALSE,TRUE,0
799,0,0,30,0,0,7.2292,,TRUE,FALSE,FALSE,FALSE,FALSE,TRUE,0
800,0,1,30,1,1,24.15,,FALSE,TRUE,FALSE,FALSE,FALSE,TRUE,2
801,0,0,34,0,0,13,,FALSE,TRUE,FALSE,FALSE,TRUE,FALSE,0
802,1,1,31,1,1,26.25,,FALSE,TRUE,FALSE,FALSE,TRUE,FALSE,2
803,1,0,11,1,2,120,B,FALSE,TRUE,FALSE,TRUE,FALSE,FALSE,3
804,1,0,0.42,0,1,8.5167,,TRUE,FALSE,FALSE,FALSE,FALSE,TRUE,1
805,1,0,27,0,0,6.975,,FALSE,TRUE,FALSE,FALSE,FALSE,TRUE,0
806,0,0,31,0,0,7.775,,FALSE,TRUE,FALSE,FALSE,FALSE,TRUE,0
807,0,0,39,0,0,0,A,FALSE,TRUE,FALSE,TRUE,FALSE,FALSE,0
808,0,1,18,0,0,7.775,,FALSE,TRUE,FALSE,FALSE,FALSE,TRUE,0
809,0,0,39,0,0,13,,FALSE,TRUE,FALSE,FALSE,TRUE,FALSE,0
810,1,1,33,1,0,53.1,E,FALSE,TRUE,FALSE,TRUE,FALSE,FALSE,1
811,0,0,26,0,0,7.8875,,FALSE,TRUE,FALSE,FALSE,FALSE,TRUE,0
812,0,0,39,0,0,24.15,,FALSE,TRUE,FALSE,FALSE,FALSE,TRUE,0
813,0,0,35,0,0,10.5,,FALSE,TRUE,FALSE,FALSE,TRUE,FALSE,0
814,0,1,6,4,2,31.275,,FALSE,TRUE,FALSE,FALSE,FALSE,TRUE,6
815,0,0,30.5,0,0,8.05,,FALSE,TRUE,FALSE,FALSE,FALSE,TRUE,0
816,0,0,38.23344086,0,0,0,B,FALSE,TRUE,FALSE,TRUE,FALSE,FALSE,0
817,0,1,23,0,0,7.925,,FALSE,TRUE,FALSE,FALSE,FALSE,TRUE,0
818,0,0,31,1,1,37.0042,,TRUE,FALSE,FALSE,FALSE,TRUE,FALSE,2
819,0,0,43,0,0,6.45,,FALSE,TRUE,FALSE,FALSE,FALSE,TRUE,0
820,0,0,10,3,2,27.9,,FALSE,TRUE,FALSE,FALSE,FALSE,TRUE,5
821,1,1,52,1,1,93.5,B,FALSE,TRUE,FALSE,TRUE,FALSE,FALSE,2
822,1,0,27,0,0,8.6625,,FALSE,TRUE,FALSE,FALSE,FALSE,TRUE,0
823,0,0,38,0,0,0,,FALSE,TRUE,FALSE,TRUE,FALSE,FALSE,0
824,1,1,27,0,1,12.475,E,FALSE,TRUE,FALSE,FALSE,FALSE,TRUE,1
825,0,0,2,4,1,39.6875,,FALSE,TRUE,FALSE,FALSE,FALSE,TRUE,5
826,0,0,25.14061972,0,0,6.95,,FALSE,FALSE,TRUE,FALSE,FALSE,TRUE,0
827,0,0,25.14061972,0,0,56.4958,,FALSE,TRUE,FALSE,FALSE,FALSE,TRUE,0
828,1,0,1,0,2,37.0042,,TRUE,FALSE,FALSE,FALSE,TRUE,FALSE,2
829,1,0,25.14061972,0,0,7.75,,FALSE,FALSE,TRUE,FALSE,FALSE,TRUE,0
830,1,1,62,0,0,80,B,FALSE,FALSE,FALSE,TRUE,FALSE,FALSE,0
831,1,1,15,1,0,14.4542,,TRUE,FALSE,FALSE,FALSE,FALSE,TRUE,1
832,1,0,0.83,1,1,18.75,,FALSE,TRUE,FALSE,FALSE,TRUE,FALSE,2
833,0,0,25.14061972,0,0,7.2292,,TRUE,FALSE,FALSE,FALSE,FALSE,TRUE,0
834,0,0,23,0,0,7.8542,,FALSE,TRUE,FALSE,FALSE,FALSE,TRUE,0
835,0,0,18,0,0,8.3,,FALSE,TRUE,FALSE,FALSE,FALSE,TRUE,0
836,1,1,39,1,1,83.1583,E,TRUE,FALSE,FALSE,TRUE,FALSE,FALSE,2
837,0,0,21,0,0,8.6625,,FALSE,TRUE,FALSE,FALSE,FALSE,TRUE,0
838,0,0,25.14061972,0,0,8.05,,FALSE,TRUE,FALSE,FALSE,FALSE,TRUE,0
839,1,0,32,0,0,56.4958,,FALSE,TRUE,FALSE,FALSE,FALSE,TRUE,0
840,1,0,38.23344086,0,0,29.7,C,TRUE,FALSE,FALSE,TRUE,FALSE,FALSE,0
841,0,0,20,0,0,7.925,,FALSE,TRUE,FALSE,FALSE,FALSE,TRUE,0
842,0,0,16,0,0,10.5,,FALSE,TRUE,FALSE,FALSE,TRUE,FALSE,0
843,1,1,30,0,0,31,,TRUE,FALSE,FALSE,TRUE,FALSE,FALSE,0
844,0,0,34.5,0,0,6.4375,,TRUE,FALSE,FALSE,FALSE,FALSE,TRUE,0
845,0,0,17,0,0,8.6625,,FALSE,TRUE,FALSE,FALSE,FALSE,TRUE,0
846,0,0,42,0,0,7.55,,FALSE,TRUE,FALSE,FALSE,FALSE,TRUE,0
847,0,0,25.14061972,8,2,69.55,,FALSE,TRUE,FALSE,FALSE,FALSE,TRUE,10
848,0,0,35,0,0,7.8958,,TRUE,FALSE,FALSE,FALSE,FALSE,TRUE,0
849,0,0,28,0,1,33,,FALSE,TRUE,FALSE,FALSE,TRUE,FALSE,1
850,1,1,38.23344086,1,0,89.1042,C,TRUE,FALSE,FALSE,TRUE,FALSE,FALSE,1
851,0,0,4,4,2,31.275,,FALSE,TRUE,FALSE,FALSE,FALSE,TRUE,6
852,0,0,74,0,0,7.775,,FALSE,TRUE,FALSE,FALSE,FALSE,TRUE,0
853,0,1,9,1,1,15.2458,,TRUE,FALSE,FALSE,FALSE,FALSE,TRUE,2
854,1,1,16,0,1,39.4,D,FALSE,TRUE,FALSE,TRUE,FALSE,FALSE,1
855,0,1,44,1,0,26,,FALSE,TRUE,FALSE,FALSE,TRUE,FALSE,1
856,1,1,18,0,1,9.35,,FALSE,TRUE,FALSE,FALSE,FALSE,TRUE,1
857,1,1,45,1,1,164.8667,,FALSE,TRUE,FALSE,TRUE,FALSE,FALSE,2
858,1,0,51,0,0,26.55,E,FALSE,TRUE,FALSE,TRUE,FALSE,FALSE,0
859,1,1,24,0,3,19.2583,,TRUE,FALSE,FALSE,FALSE,FALSE,TRUE,3
860,0,0,25.14061972,0,0,7.2292,,TRUE,FALSE,FALSE,FALSE,FALSE,TRUE,0
861,0,0,41,2,0,14.1083,,FALSE,TRUE,FALSE,FALSE,FALSE,TRUE,2
862,0,0,21,1,0,11.5,,FALSE,TRUE,FALSE,FALSE,TRUE,FALSE,1
863,1,1,48,0,0,25.9292,D,FALSE,TRUE,FALSE,TRUE,FALSE,FALSE,0
864,0,1,25.14061972,8,2,69.55,,FALSE,TRUE,FALSE,FALSE,FALSE,TRUE,10
865,0,0,24,0,0,13,,FALSE,TRUE,FALSE,FALSE,TRUE,FALSE,0
866,1,1,42,0,0,13,,FALSE,TRUE,FALSE,FALSE,TRUE,FALSE,0
867,1,1,27,1,0,13.8583,,TRUE,FALSE,FALSE,FALSE,TRUE,FALSE,1
868,0,0,31,0,0,50.4958,A,FALSE,TRUE,FALSE,TRUE,FALSE,FALSE,0
869,0,0,25.14061972,0,0,9.5,,FALSE,TRUE,FALSE,FALSE,FALSE,TRUE,0
870,1,0,4,1,1,11.1333,,FALSE,TRUE,FALSE,FALSE,FALSE,TRUE,2
871,0,0,26,0,0,7.8958,,FALSE,TRUE,FALSE,FALSE,FALSE,TRUE,0
872,1,1,47,1,1,52.5542,D,FALSE,TRUE,FALSE,TRUE,FALSE,FALSE,2
873,0,0,33,0,0,5,B,FALSE,TRUE,FALSE,TRUE,FALSE,FALSE,0
874,0,0,47,0,0,9,,FALSE,TRUE,FALSE,FALSE,FALSE,TRUE,0
875,1,1,28,1,0,24,,TRUE,FALSE,FALSE,FALSE,TRUE,FALSE,1
876,1,1,15,0,0,7.225,,TRUE,FALSE,FALSE,FALSE,FALSE,TRUE,0
877,0,0,20,0,0,9.8458,,FALSE,TRUE,FALSE,FALSE,FALSE,TRUE,0
878,0,0,19,0,0,7.8958,,FALSE,TRUE,FALSE,FALSE,FALSE,TRUE,0
879,0,0,25.14061972,0,0,7.8958,,FALSE,TRUE,FALSE,FALSE,FALSE,TRUE,0
880,1,1,56,0,1,83.1583,C,TRUE,FALSE,FALSE,TRUE,FALSE,FALSE,1
881,1,1,25,0,1,26,,FALSE,TRUE,FALSE,FALSE,TRUE,FALSE,1
882,0,0,33,0,0,7.8958,,FALSE,TRUE,FALSE,FALSE,FALSE,TRUE,0
883,0,1,22,0,0,10.5167,,FALSE,TRUE,FALSE,FALSE,FALSE,TRUE,0
884,0,0,28,0,0,10.5,,FALSE,TRUE,FALSE,FALSE,TRUE,FALSE,0
885,0,0,25,0,0,7.05,,FALSE,TRUE,FALSE,FALSE,FALSE,TRUE,0
886,0,1,39,0,5,29.125,,FALSE,FALSE,TRUE,FALSE,FALSE,TRUE,5
887,0,0,27,0,0,13,,FALSE,TRUE,FALSE,FALSE,TRUE,FALSE,0
888,1,1,19,0,0,30,B,FALSE,TRUE,FALSE,TRUE,FALSE,FALSE,0
889,0,1,25.14061972,1,2,23.45,,FALSE,TRUE,FALSE,FALSE,FALSE,TRUE,3
890,1,0,26,0,0,30,C,TRUE,FALSE,FALSE,TRUE,FALSE,FALSE,0
891,0,0,32,0,0,7.75,,FALSE,FALSE,TRUE,FALSE,FALSE,TRUE,0
